sensor,datetime,PM25,Temperature,RH
17,1732376446.0,6,22.95,86.0
17,1732376508.0,6,22.95,86.0
17,1732376570.0,6,22.95,86.0
17,1732376632.0,5,22.95,86.0
17,1732376695.0,6,22.95,86.0
17,1732376757.0,6,22.95,86.0
17,1732376819.0,6,22.95,86.0
17,1732376881.0,5,22.95,86.0
17,1732376943.0,6,22.95,86.0
17,1732377006.0,6,22.95,86.0
17,1732377068.0,6,22.95,86.0
17,1732377130.0,6,22.95,86.0
17,1732377192.0,6,22.95,86.0
17,1732377255.0,6,22.95,86.0
17,1732377317.0,6,22.95,86.0
17,1732377379.0,6,22.95,86.0
17,1732377441.0,6,22.95,86.0
17,1732377503.0,7,22.95,86.0
17,1732377566.0,6,22.95,86.0
17,1732377628.0,6,22.95,86.0
17,1732377690.0,7,22.95,86.0
17,1732377752.0,6,22.95,86.0
17,1732377815.0,6,22.95,86.0
17,1732377877.0,6,22.95,86.0
17,1732377939.0,6,22.95,86.0
17,1732378001.0,6,22.95,86.0
17,1732378063.0,6,22.95,86.0
17,1732378126.0,6,22.95,86.0
17,1732378188.0,6,22.95,86.0
17,1732378250.0,6,22.95,86.0
17,1732378312.0,7,22.95,86.0
17,1732378375.0,6,22.95,86.0
17,1732378437.0,6,22.95,86.0
17,1732378499.0,7,22.95,86.0
17,1732378561.0,7,22.95,86.0
17,1732378623.0,7,22.95,86.0
17,1732378686.0,7,22.95,86.0
17,1732378748.0,6,22.95,86.0
17,1732378810.0,7,22.95,86.0
17,1732378872.0,7,22.95,86.0
17,1732378935.0,7,22.95,86.0
17,1732378997.0,7,22.95,86.0
17,1732379059.0,7,22.95,86.0
17,1732379121.0,7,22.95,86.0
17,1732379183.0,6,22.95,86.0
17,1732379246.0,7,22.95,86.0
17,1732379308.0,7,22.95,86.0
17,1732379370.0,6,22.95,86.0
17,1732379432.0,7,22.95,86.0
17,1732379495.0,7,22.95,86.0
17,1732379557.0,7,22.95,86.0
17,1732379619.0,6,22.95,86.0
17,1732379681.0,7,22.95,86.0
17,1732379743.0,7,22.95,86.0
17,1732379806.0,7,22.95,86.0
17,1732379868.0,7,22.95,86.0
17,1732379930.0,7,22.95,86.0
17,1732379992.0,7,22.95,86.0
17,1732380055.0,7,22.95,86.0
17,1732380117.0,7,22.95,86.0
17,1732380179.0,7,22.95,86.0
17,1732380241.0,7,22.95,86.0
17,1732380303.0,7,22.95,86.0
17,1732380366.0,6,22.95,86.0
17,1732380428.0,7,22.95,86.0
17,1732380490.0,7,22.95,86.0
17,1732380552.0,7,22.95,86.0
17,1732380614.0,7,22.95,86.0
17,1732380677.0,7,22.95,86.0
17,1732380739.0,6,22.95,86.0
17,1732380801.0,6,22.95,86.0
17,1732380863.0,8,22.95,86.0
17,1732380926.0,7,22.95,86.0
17,1732380988.0,7,22.95,86.0
17,1732381050.0,7,22.95,86.0
17,1732381112.0,7,22.95,86.0
17,1732381175.0,7,22.95,86.0
17,1732381237.0,7,22.95,86.0
17,1732381299.0,7,22.95,86.0
17,1732381361.0,7,22.95,86.0
17,1732381423.0,7,22.95,86.0
17,1732381486.0,6,22.95,86.0
17,1732381548.0,7,22.95,86.0
17,1732381610.0,8,22.95,86.0
17,1732381672.0,7,22.95,86.0
17,1732381734.0,8,22.95,86.0
17,1732381797.0,8,22.95,86.0
17,1732381859.0,8,22.95,86.0
17,1732381921.0,9,22.95,86.0
17,1732381983.0,9,22.95,86.0
17,1732382046.0,8,22.95,86.0
17,1732382108.0,9,22.95,86.0
17,1732382170.0,8,22.95,86.0
17,1732382232.0,8,22.95,86.0
17,1732382294.0,8,22.95,86.0
17,1732382357.0,8,22.95,86.0
17,1732382419.0,8,22.95,86.0
17,1732382481.0,8,22.95,86.0
17,1732382543.0,8,22.95,86.0
17,1732382605.0,8,22.95,86.0
17,1732382668.0,9,22.95,86.0
17,1732382730.0,8,22.95,86.0
17,1732382792.0,9,22.95,86.0
17,1732382854.0,8,22.95,86.0
17,1732382917.0,8,22.95,86.0
17,1732382979.0,9,22.95,86.0
17,1732383041.0,9,22.95,86.0
17,1732383103.0,9,22.95,86.0
17,1732383165.0,9,22.95,86.0
17,1732383228.0,9,22.95,86.0
17,1732383290.0,9,22.95,86.0
17,1732383352.0,9,22.95,86.0
17,1732383414.0,9,22.95,86.0
17,1732383477.0,9,22.95,86.0
17,1732383539.0,9,22.95,86.0
17,1732383601.0,9,22.95,86.0
17,1732383663.0,9,22.95,86.0
17,1732383725.0,9,22.95,86.0
17,1732383788.0,9,22.95,86.0
17,1732383850.0,8,22.95,86.0
17,1732383912.0,8,22.95,86.0
17,1732383974.0,9,22.95,86.0
17,1732384037.0,9,22.95,86.0
17,1732384099.0,9,22.95,86.0
17,1732384161.0,8,22.95,86.0
17,1732384223.0,8,22.95,86.0
17,1732384285.0,9,22.95,86.0
17,1732384348.0,8,22.95,86.0
17,1732384410.0,8,22.95,86.0
17,1732384472.0,8,22.95,86.0
17,1732384534.0,8,22.95,86.0
17,1732384596.0,9,22.95,86.0
17,1732384659.0,8,22.95,86.0
17,1732384721.0,8,22.95,86.0
17,1732384783.0,8,22.95,86.0
17,1732384845.0,8,22.95,86.0
17,1732384908.0,8,22.95,86.0
17,1732384970.0,8,22.95,86.0
17,1732385032.0,8,22.95,86.0
17,1732385094.0,8,22.95,86.0
17,1732385156.0,8,22.95,86.0
17,1732385219.0,9,22.95,86.0
17,1732385281.0,9,22.95,86.0
17,1732385343.0,8,22.95,86.0
17,1732385405.0,8,22.95,86.0
17,1732385468.0,8,22.95,86.0
17,1732385530.0,8,22.95,86.0
17,1732385592.0,8,22.95,86.0
17,1732385654.0,9,22.95,86.0
17,1732385716.0,8,22.95,86.0
17,1732385779.0,8,22.95,86.0
17,1732385841.0,8,22.95,86.0
17,1732385903.0,8,22.95,86.0
17,1732385965.0,9,22.95,86.0
17,1732386028.0,9,22.95,86.0
17,1732386090.0,8,22.95,86.0
17,1732386152.0,8,22.95,86.0
17,1732386214.0,9,22.95,86.0
17,1732386276.0,9,22.95,86.0
17,1732386339.0,10,22.95,86.0
17,1732386401.0,10,22.95,86.0
17,1732386463.0,9,22.95,86.0
17,1732386525.0,9,22.95,86.0
17,1732386588.0,9,22.95,86.0
17,1732386650.0,9,22.95,86.0
17,1732386712.0,9,22.95,86.0
17,1732386774.0,9,22.95,86.0
17,1732386836.0,10,22.95,86.0
17,1732386899.0,9,22.95,86.0
17,1732386961.0,8,22.95,86.0
17,1732387023.0,7,22.95,86.0
17,1732387085.0,9,22.95,86.0
17,1732387147.0,9,22.95,86.0
17,1732387210.0,9,22.95,86.0
17,1732387272.0,9,22.95,86.0
17,1732387334.0,9,22.95,86.0
17,1732387396.0,9,22.95,86.0
17,1732387459.0,8,22.95,86.0
17,1732387521.0,7,22.95,86.0
17,1732387583.0,8,22.95,86.0
17,1732387645.0,7,22.95,86.0
17,1732387707.0,7,22.95,86.0
17,1732387770.0,7,22.95,86.0
17,1732387832.0,7,22.95,86.0
17,1732387894.0,7,22.95,86.0
17,1732387956.0,7,22.95,86.0
17,1732388019.0,7,22.95,86.0
17,1732388081.0,8,22.95,86.0
17,1732388143.0,8,22.95,86.0
17,1732388205.0,8,22.95,86.0
17,1732388267.0,8,22.95,86.0
17,1732388330.0,8,22.95,86.0
17,1732388392.0,8,22.95,86.0
17,1732388454.0,8,22.95,86.0
17,1732388516.0,9,22.95,86.0
17,1732388578.0,8,22.95,86.0
17,1732388641.0,9,22.95,86.0
17,1732388703.0,10,22.95,86.0
17,1732388765.0,8,22.95,86.0
17,1732388827.0,8,22.95,86.0
17,1732388890.0,9,22.95,86.0
17,1732388952.0,8,22.95,86.0
17,1732389014.0,8,22.95,86.0
17,1732389076.0,8,22.95,86.0
17,1732389138.0,8,22.95,86.0
17,1732389201.0,9,22.95,86.0
17,1732389263.0,9,22.95,86.0
17,1732389325.0,9,22.95,86.0
17,1732389387.0,8,22.95,86.0
17,1732389450.0,9,22.95,86.0
17,1732389512.0,9,22.95,86.0
17,1732389574.0,9,22.95,86.0
17,1732389636.0,9,22.95,86.0
17,1732389698.0,8,22.95,86.0
17,1732389761.0,8,22.95,86.0
17,1732389823.0,9,22.95,86.0
17,1732389885.0,9,22.95,86.0
17,1732389947.0,8,22.95,86.0
17,1732390010.0,9,22.95,86.0
17,1732390072.0,8,22.95,86.0
17,1732390134.0,8,22.95,86.0
17,1732390196.0,9,22.95,86.0
17,1732390258.0,8,22.95,86.0
17,1732390321.0,8,22.95,86.0
17,1732390383.0,8,22.95,86.0
17,1732390445.0,9,22.95,86.0
17,1732390507.0,9,22.95,86.0
17,1732390569.0,8,22.95,86.0
17,1732390632.0,8,22.95,86.0
17,1732390694.0,8,22.95,86.0
17,1732390756.0,36,22.95,86.0
17,1732390818.0,47,22.95,86.0
17,1732390881.0,19,22.95,86.0
17,1732390943.0,16,22.95,86.0
17,1732391005.0,16,22.95,86.0
17,1732391067.0,16,22.95,86.0
17,1732391129.0,15,22.95,86.0
17,1732391192.0,13,22.95,86.0
17,1732391254.0,11,22.95,86.0
17,1732391316.0,13,22.95,86.0
17,1732391378.0,12,22.95,86.0
17,1732391441.0,10,22.95,86.0
17,1732391503.0,10,22.95,86.0
17,1732391565.0,10,22.95,86.0
17,1732391627.0,9,22.95,86.0
17,1732391689.0,9,22.95,86.0
17,1732391752.0,11,22.95,86.0
17,1732391814.0,22,22.95,86.0
17,1732391876.0,21,22.95,86.0
17,1732391938.0,13,22.95,86.0
17,1732392001.0,19,22.95,86.0
17,1732392063.0,41,22.95,86.0
17,1732392125.0,55,22.95,86.0
17,1732392187.0,65,22.95,86.0
17,1732392249.0,73,22.95,86.0
17,1732392312.0,72,22.95,86.0
17,1732392374.0,65,22.95,86.0
17,1732392436.0,65,22.95,86.0
17,1732392498.0,55,22.95,86.0
17,1732392561.0,46,22.95,86.0
17,1732392623.0,47,22.95,86.0
17,1732392685.0,47,22.95,86.0
17,1732392747.0,52,22.95,86.0
17,1732392810.0,54,22.95,86.0
17,1732392872.0,44,22.95,86.0
17,1732392934.0,40,22.95,86.0
17,1732392996.0,33,22.95,86.0
17,1732393058.0,29,22.95,86.0
17,1732393121.0,34,22.95,86.0
17,1732393183.0,34,22.95,86.0
17,1732393245.0,28,22.95,86.0
17,1732393307.0,30,22.95,86.0
17,1732393370.0,32,22.95,86.0
17,1732393432.0,36,22.95,86.0
17,1732393494.0,43,22.95,86.0
17,1732393556.0,50,22.95,86.0
17,1732393619.0,54,22.95,86.0
17,1732393681.0,47,22.95,86.0
17,1732393743.0,46,22.95,86.0
17,1732393805.0,43,22.95,86.0
17,1732393867.0,42,22.95,86.0
17,1732393930.0,36,22.95,86.0
17,1732393992.0,36,22.95,86.0
17,1732394054.0,37,22.95,86.0
17,1732394116.0,34,22.95,86.0
17,1732394179.0,29,22.95,86.0
17,1732394241.0,23,22.95,86.0
17,1732394303.0,24,22.95,86.0
17,1732394365.0,15,22.95,86.0
17,1732394428.0,14,22.95,86.0
17,1732394490.0,13,22.95,86.0
17,1732394552.0,13,22.95,86.0
17,1732394614.0,12,22.95,86.0
17,1732394676.0,10,22.95,86.0
17,1732394739.0,10,22.95,86.0
17,1732394801.0,11,22.95,86.0
17,1732394863.0,12,22.95,86.0
17,1732394925.0,13,22.95,86.0
17,1732394988.0,16,22.95,86.0
17,1732395050.0,21,22.95,86.0
17,1732395112.0,55,22.95,86.0
17,1732395174.0,20,22.95,86.0
17,1732395236.0,35,22.95,86.0
17,1732395299.0,37,22.95,86.0
17,1732395361.0,12,22.95,86.0
17,1732395423.0,12,22.95,86.0
17,1732395485.0,11,22.95,86.0
17,1732395548.0,8,22.95,86.0
17,1732395610.0,10,22.95,86.0
17,1732395672.0,9,22.95,86.0
17,1732395734.0,8,22.95,86.0
17,1732395796.0,11,22.95,86.0
17,1732395859.0,10,22.95,86.0
17,1732395921.0,11,22.95,86.0
17,1732395983.0,9,22.95,86.0
17,1732396045.0,9,22.95,86.0
17,1732396107.0,9,22.95,86.0
17,1732396170.0,9,22.95,86.0
17,1732396232.0,8,22.95,86.0
17,1732396294.0,8,22.95,86.0
17,1732396356.0,8,22.95,86.0
17,1732396419.0,7,22.95,86.0
17,1732396481.0,8,22.95,86.0
17,1732396543.0,8,22.95,86.0
17,1732396605.0,9,22.95,86.0
17,1732396668.0,7,22.95,86.0
17,1732396730.0,7,22.95,86.0
17,1732396792.0,8,22.95,86.0
17,1732396854.0,8,22.95,86.0
17,1732396916.0,8,22.95,86.0
17,1732396979.0,8,22.95,86.0
17,1732397041.0,8,22.95,86.0
17,1732397103.0,8,22.95,86.0
17,1732397165.0,8,22.95,86.0
17,1732397227.0,8,22.95,86.0
17,1732397290.0,8,22.95,86.0
17,1732397352.0,7,22.95,86.0
17,1732397414.0,8,22.95,86.0
17,1732397476.0,10,22.95,86.0
17,1732397539.0,11,22.95,86.0
17,1732397601.0,8,22.95,86.0
17,1732397663.0,13,22.95,86.0
17,1732397725.0,8,22.95,86.0
17,1732397787.0,7,22.95,86.0
17,1732397850.0,7,22.95,86.0
17,1732397912.0,8,22.95,86.0
17,1732397974.0,7,22.95,86.0
17,1732398036.0,6,22.95,86.0
17,1732398098.0,7,22.95,86.0
17,1732398161.0,7,22.95,86.0
17,1732398223.0,6,22.95,86.0
17,1732398285.0,7,22.95,86.0
17,1732398347.0,7,22.95,86.0
17,1732398410.0,10,22.95,86.0
17,1732398472.0,6,22.95,86.0
17,1732398534.0,7,22.95,86.0
17,1732398596.0,7,22.95,86.0
17,1732398658.0,7,22.95,86.0
17,1732398721.0,6,22.95,86.0
17,1732398783.0,6,22.95,86.0
17,1732398845.0,7,22.95,86.0
17,1732398907.0,9,22.95,86.0
17,1732398969.0,9,22.95,86.0
17,1732399032.0,8,22.95,86.0
17,1732399094.0,9,22.95,86.0
17,1732399156.0,9,22.95,86.0
17,1732399218.0,10,22.95,86.0
17,1732399281.0,9,22.95,86.0
17,1732399343.0,9,22.95,86.0
17,1732399405.0,7,22.95,86.0
17,1732399467.0,9,22.95,86.0
17,1732399529.0,8,22.95,86.0
17,1732399592.0,8,22.95,86.0
17,1732399654.0,7,22.95,86.0
17,1732399716.0,7,22.95,86.0
17,1732399778.0,7,22.95,86.0
17,1732399840.0,6,22.95,86.0
17,1732399903.0,7,22.95,86.0
17,1732399965.0,6,22.95,86.0
17,1732400027.0,6,22.95,86.0
17,1732400089.0,7,22.95,86.0
17,1732400152.0,7,22.95,86.0
17,1732400214.0,6,22.95,86.0
17,1732400276.0,6,22.95,86.0
17,1732400338.0,6,22.95,86.0
17,1732400400.0,6,22.95,86.0
17,1732400463.0,6,22.95,86.0
17,1732400525.0,6,22.95,86.0
17,1732400587.0,9,22.95,86.0
17,1732400649.0,8,22.95,86.0
17,1732400712.0,10,22.95,86.0
17,1732400774.0,7,22.95,86.0
17,1732400836.0,6,22.95,86.0
17,1732400898.0,9,22.95,86.0
17,1732400960.0,7,22.95,86.0
17,1732401023.0,12,22.95,86.0
17,1732401085.0,9,22.95,86.0
17,1732401147.0,8,22.95,86.0
17,1732401209.0,7,22.95,86.0
17,1732401272.0,6,22.95,86.0
17,1732401334.0,6,22.95,86.0
17,1732401396.0,8,22.95,86.0
17,1732401458.0,13,22.95,86.0
17,1732401520.0,7,22.95,86.0
17,1732401583.0,10,22.95,86.0
17,1732401645.0,13,22.95,86.0
17,1732401707.0,6,22.95,86.0
17,1732401769.0,5,22.95,86.0
17,1732401831.0,6,22.95,86.0
17,1732401894.0,5,22.95,86.0
17,1732401956.0,5,22.95,86.0
17,1732402018.0,4,22.95,86.0
17,1732402080.0,7,22.95,86.0
17,1732402143.0,5,22.95,86.0
17,1732402205.0,4,22.95,86.0
17,1732402267.0,11,22.95,86.0
17,1732402329.0,9,22.95,86.0
17,1732402391.0,9,22.95,86.0
17,1732402454.0,5,22.95,86.0
17,1732402516.0,4,22.95,86.0
17,1732402578.0,4,22.95,86.0
17,1732402640.0,4,22.95,86.0
17,1732402702.0,4,22.95,86.0
17,1732402765.0,3,22.95,86.0
17,1732402827.0,8,22.95,86.0
17,1732402889.0,4,22.95,86.0
17,1732402951.0,3,22.95,86.0
17,1732403014.0,3,22.95,86.0
17,1732403076.0,3,22.95,86.0
17,1732403138.0,4,22.95,86.0
17,1732403200.0,3,22.95,86.0
17,1732403262.0,3,22.95,86.0
17,1732403325.0,3,22.95,86.0
17,1732403387.0,4,22.95,86.0
17,1732403449.0,3,22.95,86.0
17,1732403511.0,4,22.95,86.0
17,1732403574.0,4,22.95,86.0
17,1732403636.0,4,22.95,86.0
17,1732403698.0,4,22.95,86.0
17,1732403760.0,5,22.95,86.0
17,1732403822.0,5,22.95,86.0
17,1732403885.0,4,22.95,86.0
17,1732403947.0,4,22.95,86.0
17,1732404009.0,4,22.95,86.0
17,1732404071.0,4,22.95,86.0
17,1732404133.0,4,22.95,86.0
17,1732404196.0,6,22.95,86.0
17,1732404258.0,7,22.95,86.0
17,1732404320.0,6,22.95,86.0
17,1732404382.0,9,22.95,86.0
17,1732404445.0,7,22.95,86.0
17,1732404507.0,5,22.95,86.0
17,1732404569.0,7,22.95,86.0
17,1732404631.0,5,22.95,86.0
17,1732404693.0,6,22.95,86.0
17,1732404756.0,8,22.95,86.0
17,1732404818.0,8,22.95,86.0
17,1732404880.0,5,22.95,86.0
17,1732404942.0,6,22.95,86.0
17,1732405005.0,5,22.95,86.0
17,1732405067.0,5,22.95,86.0
17,1732405129.0,6,22.95,86.0
17,1732405191.0,5,22.95,86.0
17,1732405253.0,7,22.95,86.0
17,1732405316.0,6,22.95,86.0
17,1732405378.0,5,22.95,86.0
17,1732405440.0,5,22.95,86.0
17,1732405502.0,6,22.95,86.0
17,1732405564.0,5,22.95,86.0
17,1732405627.0,5,22.95,86.0
17,1732405689.0,5,22.95,86.0
17,1732405751.0,5,22.95,86.0
17,1732405813.0,5,22.95,86.0
17,1732405876.0,5,22.95,86.0
17,1732405938.0,5,22.95,86.0
17,1732406000.0,5,22.95,86.0
17,1732406062.0,5,22.95,86.0
17,1732406124.0,5,22.95,86.0
17,1732406187.0,7,22.95,86.0
17,1732406249.0,5,22.95,86.0
17,1732406311.0,6,22.95,86.0
17,1732406373.0,6,22.95,86.0
17,1732406435.0,6,22.95,86.0
17,1732406498.0,6,22.95,86.0
17,1732406560.0,5,22.95,86.0
17,1732406622.0,6,22.95,86.0
17,1732406684.0,6,22.95,86.0
17,1732406747.0,6,22.95,86.0
17,1732406809.0,6,22.95,86.0
17,1732406871.0,7,22.95,86.0
17,1732406933.0,7,22.95,86.0
17,1732406995.0,6,22.95,86.0
17,1732407058.0,6,22.95,86.0
17,1732407120.0,6,22.95,86.0
17,1732407182.0,6,22.95,86.0
17,1732407244.0,6,22.95,86.0
17,1732407307.0,7,22.95,86.0
17,1732407369.0,6,22.95,86.0
17,1732407431.0,6,22.95,86.0
17,1732407493.0,7,22.95,86.0
17,1732407555.0,7,22.95,86.0
17,1732407618.0,6,22.95,86.0
17,1732407680.0,7,22.95,86.0
17,1732407742.0,7,22.95,86.0
17,1732407804.0,6,22.95,86.0
17,1732407866.0,8,22.95,86.0
17,1732407929.0,7,22.95,86.0
17,1732407991.0,7,22.95,86.0
17,1732408053.0,7,22.95,86.0
17,1732408115.0,7,22.95,86.0
17,1732408178.0,7,22.95,86.0
17,1732408240.0,12,22.95,86.0
17,1732408302.0,10,22.95,86.0
17,1732408364.0,11,22.95,86.0
17,1732408426.0,9,22.95,86.0
17,1732408489.0,10,22.95,86.0
17,1732408551.0,8,22.95,86.0
17,1732408613.0,7,22.95,86.0
17,1732408675.0,7,22.95,86.0
17,1732408738.0,8,22.95,86.0
17,1732408800.0,8,22.95,86.0
17,1732408862.0,8,22.95,86.0
17,1732408924.0,8,22.95,86.0
17,1732408986.0,8,22.95,86.0
17,1732409049.0,8,22.95,86.0
17,1732409111.0,8,22.95,86.0
17,1732409173.0,9,22.95,86.0
17,1732409235.0,8,22.95,86.0
17,1732409297.0,8,22.95,86.0
17,1732409360.0,10,22.95,86.0
17,1732409422.0,9,22.95,86.0
17,1732409484.0,9,22.95,86.0
17,1732409546.0,9,22.95,86.0
17,1732409609.0,9,22.95,86.0
17,1732409671.0,9,22.95,86.0
17,1732409733.0,8,22.95,86.0
17,1732409795.0,8,22.95,86.0
17,1732409857.0,8,22.95,86.0
17,1732409920.0,8,22.95,86.0
17,1732409982.0,8,22.95,86.0
17,1732410044.0,8,22.95,86.0
17,1732410106.0,8,22.95,86.0
17,1732410168.0,40,22.95,86.0
17,1732410231.0,33,22.95,86.0
17,1732410293.0,18,22.95,86.0
17,1732410355.0,15,22.95,86.0
17,1732410417.0,15,22.95,86.0
17,1732410480.0,9,22.95,86.0
17,1732410542.0,8,22.95,86.0
17,1732410604.0,12,22.95,86.0
17,1732410666.0,11,22.95,86.0
17,1732410729.0,12,22.95,86.0
17,1732410791.0,16,22.95,86.0
17,1732410853.0,13,22.95,86.0
17,1732410915.0,11,22.95,86.0
17,1732410977.0,8,22.95,86.0
17,1732411040.0,12,22.95,86.0
17,1732411102.0,9,22.95,86.0
17,1732411164.0,8,22.95,86.0
17,1732411226.0,8,22.95,86.0
17,1732411288.0,9,22.95,86.0
17,1732411351.0,7,22.95,86.0
17,1732411413.0,7,22.95,86.0
17,1732411475.0,8,22.95,86.0
17,1732411537.0,7,22.95,86.0
17,1732411600.0,8,22.95,86.0
17,1732411662.0,7,22.95,86.0
17,1732411724.0,6,22.95,86.0
17,1732411786.0,5,22.95,86.0
17,1732411848.0,6,22.95,86.0
17,1732411911.0,6,22.95,86.0
17,1732411973.0,6,22.95,86.0
17,1732412035.0,6,22.95,86.0
17,1732412097.0,6,22.95,86.0
17,1732412159.0,6,22.95,86.0
17,1732412222.0,6,22.95,86.0
17,1732412284.0,6,22.95,86.0
17,1732412346.0,6,22.95,86.0
17,1732412408.0,6,22.95,86.0
17,1732412471.0,6,22.95,86.0
17,1732412533.0,5,22.95,86.0
17,1732412595.0,6,22.95,86.0
17,1732412657.0,6,22.95,86.0
17,1732412719.0,7,22.95,86.0
17,1732412782.0,6,22.95,86.0
17,1732412844.0,6,22.95,86.0
17,1732412906.0,6,22.95,86.0
17,1732412968.0,7,22.95,86.0
17,1732413031.0,6,22.95,86.0
17,1732413093.0,5,22.95,86.0
17,1732413155.0,5,22.95,86.0
17,1732413217.0,6,22.95,86.0
17,1732413279.0,6,22.95,86.0
17,1732413342.0,6,22.95,86.0
17,1732413404.0,7,22.95,86.0
17,1732413466.0,6,22.95,86.0
17,1732413528.0,7,22.95,86.0
17,1732413590.0,9,22.95,86.0
17,1732413653.0,9,22.95,86.0
17,1732413715.0,8,22.95,86.0
17,1732413777.0,7,22.95,86.0
17,1732413839.0,7,22.95,86.0
17,1732413902.0,8,22.95,86.0
17,1732413964.0,7,22.95,86.0
17,1732414026.0,8,22.95,86.0
17,1732414088.0,7,22.95,86.0
17,1732414150.0,7,22.95,86.0
17,1732414213.0,6,22.95,86.0
17,1732414275.0,6,22.95,86.0
17,1732414337.0,6,22.95,86.0
17,1732414399.0,7,22.95,86.0
17,1732414462.0,6,22.95,86.0
17,1732414524.0,7,22.95,86.0
17,1732414586.0,7,22.95,86.0
17,1732414648.0,6,22.95,86.0
17,1732414710.0,6,22.95,86.0
17,1732414773.0,7,22.95,86.0
17,1732414835.0,6,22.95,86.0
17,1732414897.0,6,22.95,86.0
17,1732414959.0,6,22.95,86.0
17,1732415021.0,5,22.95,86.0
17,1732415084.0,6,22.95,86.0
17,1732415146.0,6,22.95,86.0
17,1732415208.0,5,22.95,86.0
17,1732415270.0,6,22.95,86.0
17,1732415333.0,6,22.95,86.0
17,1732415395.0,6,22.95,86.0
17,1732415457.0,6,22.95,86.0
17,1732415519.0,6,22.95,86.0
17,1732415581.0,6,22.95,86.0
17,1732415644.0,6,22.95,86.0
17,1732415706.0,6,22.95,86.0
17,1732415768.0,6,22.95,86.0
17,1732415830.0,6,22.95,86.0
17,1732415892.0,7,22.95,86.0
17,1732415955.0,7,22.95,86.0
17,1732416017.0,7,22.95,86.0
17,1732416079.0,7,22.95,86.0
17,1732416141.0,7,22.95,86.0
17,1732416204.0,7,22.95,86.0
17,1732416266.0,7,22.95,86.0
17,1732416328.0,7,22.95,86.0
17,1732416390.0,7,22.95,86.0
17,1732416452.0,7,22.95,86.0
17,1732416515.0,7,22.95,86.0
17,1732416577.0,6,22.95,86.0
17,1732416639.0,6,22.95,86.0
17,1732416701.0,6,22.95,86.0
17,1732416764.0,6,22.95,86.0
17,1732416826.0,7,22.95,86.0
17,1732416888.0,7,22.95,86.0
17,1732416950.0,7,22.95,86.0
17,1732417012.0,7,22.95,86.0
17,1732417075.0,7,22.95,86.0
17,1732417137.0,7,22.95,86.0
17,1732417199.0,7,22.95,86.0
17,1732417261.0,7,22.95,86.0
17,1732417323.0,7,22.95,86.0
17,1732417386.0,6,22.95,86.0
17,1732417448.0,6,22.95,86.0
17,1732417510.0,6,22.95,86.0
17,1732417572.0,7,22.95,86.0
17,1732417635.0,7,22.95,86.0
17,1732417697.0,6,22.95,86.0
17,1732417759.0,6,22.95,86.0
17,1732417821.0,6,22.95,86.0
17,1732417883.0,6,22.95,86.0
17,1732417946.0,7,22.95,86.0
17,1732418008.0,6,22.95,86.0
17,1732418070.0,6,22.95,86.0
17,1732418132.0,7,22.95,86.0
17,1732418195.0,6,22.95,86.0
17,1732418257.0,7,22.95,86.0
17,1732418319.0,7,22.95,86.0
17,1732418381.0,6,22.95,86.0
17,1732418443.0,7,22.95,86.0
17,1732418506.0,6,22.95,86.0
17,1732418568.0,6,22.95,86.0
17,1732418630.0,6,22.95,86.0
17,1732418692.0,7,22.95,86.0
17,1732418754.0,7,22.95,86.0
17,1732418817.0,7,22.95,86.0
17,1732418879.0,7,22.95,86.0
17,1732418941.0,6,22.95,86.0
17,1732419003.0,7,22.95,86.0
17,1732419066.0,7,22.95,86.0
17,1732419128.0,7,22.95,86.0
17,1732419190.0,6,22.95,86.0
17,1732419252.0,6,22.95,86.0
17,1732419314.0,6,22.95,86.0
17,1732419377.0,6,22.95,86.0
17,1732419439.0,6,22.95,86.0
17,1732419501.0,6,22.95,86.0
17,1732419563.0,6,22.95,86.0
17,1732419625.0,6,22.95,86.0
17,1732419688.0,6,22.95,86.0
17,1732419750.0,6,22.95,86.0
17,1732419812.0,6,22.95,86.0
17,1732419874.0,6,22.95,86.0
17,1732419937.0,6,22.95,86.0
17,1732419999.0,7,22.95,86.0
17,1732420061.0,7,22.95,86.0
17,1732420123.0,7,22.95,86.0
17,1732420185.0,9,22.95,86.0
17,1732420248.0,8,22.95,86.0
17,1732420310.0,10,22.95,86.0
17,1732420372.0,11,22.95,86.0
17,1732420434.0,10,22.95,86.0
17,1732420497.0,11,22.95,86.0
17,1732420559.0,13,22.95,86.0
17,1732420621.0,21,22.95,86.0
17,1732420683.0,16,22.95,86.0
17,1732420745.0,15,22.95,86.0
17,1732420808.0,14,22.95,86.0
17,1732420870.0,25,22.95,86.0
17,1732420932.0,15,22.95,86.0
17,1732420994.0,10,22.95,86.0
17,1732421057.0,10,22.95,86.0
17,1732421119.0,9,22.95,86.0
17,1732421181.0,9,22.95,86.0
17,1732421243.0,10,22.95,86.0
17,1732421305.0,10,22.95,86.0
17,1732421368.0,9,22.95,86.0
17,1732421430.0,9,22.95,86.0
17,1732421492.0,10,22.95,86.0
17,1732421554.0,9,22.95,86.0
17,1732421617.0,9,22.95,86.0
17,1732421679.0,10,22.95,86.0
17,1732421741.0,11,22.95,86.0
17,1732421803.0,10,22.95,86.0
17,1732421865.0,11,22.95,86.0
17,1732421928.0,12,22.95,86.0
17,1732421990.0,15,22.95,86.0
17,1732422052.0,15,22.95,86.0
17,1732422114.0,15,22.95,86.0
17,1732422177.0,14,22.95,86.0
17,1732422239.0,13,22.95,86.0
17,1732422301.0,13,22.95,86.0
17,1732422363.0,12,22.95,86.0
17,1732422425.0,11,22.95,86.0
17,1732422488.0,10,22.95,86.0
17,1732422550.0,10,22.95,86.0
17,1732422612.0,10,22.95,86.0
17,1732422674.0,9,22.95,86.0
17,1732422737.0,9,22.95,86.0
17,1732422799.0,9,22.95,86.0
17,1732422861.0,9,22.95,86.0
17,1732422923.0,9,22.95,86.0
17,1732422985.0,8,22.95,86.0
17,1732423048.0,8,22.95,86.0
17,1732423110.0,9,22.95,86.0
17,1732423172.0,9,22.95,86.0
17,1732423234.0,8,22.95,86.0
17,1732423296.0,8,22.95,86.0
17,1732423359.0,8,22.95,86.0
17,1732423421.0,8,22.95,86.0
17,1732423483.0,8,22.95,86.0
17,1732423545.0,8,22.95,86.0
17,1732423608.0,8,22.95,86.0
17,1732423670.0,7,22.95,86.0
17,1732423732.0,8,22.95,86.0
17,1732423794.0,8,22.95,86.0
17,1732423856.0,8,22.95,86.0
17,1732423919.0,8,22.95,86.0
17,1732423981.0,8,22.95,86.0
17,1732424043.0,8,22.95,86.0
17,1732424105.0,8,22.95,86.0
17,1732424168.0,7,22.95,86.0
17,1732424230.0,8,22.95,86.0
17,1732424292.0,8,22.95,86.0
17,1732424354.0,8,22.95,86.0
17,1732424416.0,8,22.95,86.0
17,1732424479.0,8,22.95,86.0
17,1732424541.0,8,22.95,86.0
17,1732424603.0,8,22.95,86.0
17,1732424665.0,8,22.95,86.0
17,1732424727.0,8,22.95,86.0
17,1732424790.0,8,22.95,86.0
17,1732424852.0,8,22.95,86.0
17,1732424914.0,8,22.95,86.0
17,1732424976.0,8,22.95,86.0
17,1732425039.0,8,22.95,86.0
17,1732425101.0,9,22.95,86.0
17,1732425163.0,9,22.95,86.0
17,1732425225.0,8,22.95,86.0
17,1732425287.0,8,22.95,86.0
17,1732425350.0,9,22.95,86.0
17,1732425412.0,8,22.95,86.0
17,1732425474.0,9,22.95,86.0
17,1732425536.0,8,22.95,86.0
17,1732425598.0,8,22.95,86.0
17,1732425661.0,8,22.95,86.0
17,1732425723.0,8,22.95,86.0
17,1732425785.0,8,22.95,86.0
17,1732425847.0,8,22.95,86.0
17,1732425910.0,8,22.95,86.0
17,1732425972.0,7,22.95,86.0
17,1732426034.0,7,22.95,86.0
17,1732426096.0,7,22.95,86.0
17,1732426158.0,8,22.95,86.0
17,1732426221.0,7,22.95,86.0
17,1732426283.0,7,22.95,86.0
17,1732426345.0,7,22.95,86.0
17,1732426407.0,7,22.95,86.0
17,1732426470.0,7,22.95,86.0
17,1732426532.0,8,22.95,86.0
17,1732426594.0,8,22.95,86.0
17,1732426656.0,8,22.95,86.0
17,1732426718.0,8,22.95,86.0
17,1732426781.0,7,22.95,86.0
17,1732426843.0,7,22.95,86.0
17,1732426905.0,7,22.95,86.0
17,1732426967.0,7,22.95,86.0
17,1732427030.0,7,22.95,86.0
17,1732427092.0,7,22.95,86.0
17,1732427154.0,7,22.95,86.0
17,1732427216.0,7,22.95,86.0
17,1732427279.0,7,22.95,86.0
17,1732427341.0,7,22.95,86.0
17,1732427403.0,8,22.95,86.0
17,1732427465.0,10,22.95,86.0
17,1732427527.0,19,22.95,86.0
17,1732427590.0,27,22.95,86.0
17,1732427652.0,14,22.95,86.0
17,1732427714.0,14,22.95,86.0
17,1732427776.0,16,22.95,86.0
17,1732427838.0,13,22.95,86.0
17,1732427901.0,14,22.95,86.0
17,1732427963.0,22,22.95,86.0
17,1732428025.0,24,22.95,86.0
17,1732428087.0,15,22.95,86.0
17,1732428150.0,13,22.95,86.0
17,1732428212.0,14,22.95,86.0
17,1732428274.0,13,22.95,86.0
17,1732428336.0,12,22.95,86.0
17,1732428399.0,12,22.95,86.0
17,1732428461.0,11,22.95,86.0
17,1732428523.0,10,22.95,86.0
17,1732428585.0,10,22.95,86.0
17,1732428647.0,10,22.95,86.0
17,1732428710.0,10,22.95,86.0
17,1732428772.0,10,22.95,86.0
17,1732428834.0,8,22.95,86.0
17,1732428896.0,7,22.95,86.0
17,1732428959.0,6,22.95,86.0
17,1732429021.0,6,22.95,86.0
17,1732429083.0,6,22.95,86.0
17,1732429145.0,6,22.95,86.0
17,1732429207.0,6,22.95,86.0
17,1732429270.0,7,22.95,86.0
17,1732429332.0,6,22.95,86.0
17,1732429394.0,6,22.95,86.0
17,1732429456.0,6,22.95,86.0
17,1732429518.0,7,22.95,86.0
17,1732429581.0,10,22.95,86.0
17,1732429643.0,11,22.95,86.0
17,1732429705.0,10,22.95,86.0
17,1732429767.0,8,22.95,86.0
17,1732429830.0,10,22.95,86.0
17,1732429892.0,13,22.95,86.0
17,1732429954.0,11,22.95,86.0
17,1732430016.0,11,22.95,86.0
17,1732430078.0,11,22.95,86.0
17,1732430141.0,11,22.95,86.0
17,1732430203.0,11,22.95,86.0
17,1732430265.0,11,22.95,86.0
17,1732430327.0,10,22.95,86.0
17,1732430390.0,9,22.95,86.0
17,1732430452.0,9,22.95,86.0
17,1732430514.0,12,22.95,86.0
17,1732430576.0,13,22.95,86.0
17,1732430638.0,11,22.95,86.0
17,1732430701.0,10,22.95,86.0
17,1732430763.0,8,22.95,86.0
17,1732430825.0,7,22.95,86.0
17,1732430887.0,6,22.95,86.0
17,1732430950.0,6,22.95,86.0
17,1732431012.0,8,22.95,86.0
17,1732431074.0,23,22.95,86.0
17,1732431136.0,24,22.95,86.0
17,1732431198.0,13,22.95,86.0
17,1732431261.0,13,22.95,86.0
17,1732431323.0,14,22.95,86.0
17,1732431385.0,14,22.95,86.0
17,1732431447.0,13,22.95,86.0
17,1732431510.0,11,22.95,86.0
17,1732431572.0,11,22.95,86.0
17,1732431634.0,9,22.95,86.0
17,1732431696.0,9,22.95,86.0
17,1732431758.0,9,22.95,86.0
17,1732431821.0,11,22.95,86.0
17,1732431883.0,15,22.95,86.0
17,1732431945.0,20,22.95,86.0
17,1732432007.0,21,22.95,86.0
17,1732432070.0,20,22.95,86.0
17,1732432132.0,18,22.95,86.0
17,1732432194.0,43,22.95,86.0
17,1732432256.0,21,22.95,86.0
17,1732432318.0,18,22.95,86.0
17,1732432381.0,14,22.95,86.0
17,1732432443.0,14,22.95,86.0
17,1732432505.0,18,22.95,86.0
17,1732432567.0,29,22.95,86.0
17,1732432630.0,27,22.95,86.0
17,1732432692.0,26,22.95,86.0
17,1732432754.0,25,22.95,86.0
17,1732432816.0,28,22.95,86.0
17,1732432878.0,58,22.95,86.0
17,1732432941.0,93,22.95,86.0
17,1732433003.0,55,22.95,86.0
17,1732433065.0,50,22.95,86.0
17,1732433127.0,36,22.95,86.0
17,1732433190.0,68,22.95,86.0
17,1732433252.0,70,22.95,86.0
17,1732433314.0,58,22.95,86.0
17,1732433376.0,91,22.95,86.0
17,1732433439.0,74,22.95,86.0
17,1732433501.0,57,22.95,86.0
17,1732433563.0,53,22.95,86.0
17,1732433625.0,45,22.95,86.0
17,1732433687.0,59,22.95,86.0
17,1732433750.0,64,22.95,86.0
17,1732433812.0,54,22.95,86.0
17,1732433874.0,35,22.95,86.0
17,1732433936.0,41,22.95,86.0
17,1732433999.0,30,22.95,86.0
17,1732434061.0,27,22.95,86.0
17,1732434123.0,33,22.95,86.0
17,1732434185.0,35,22.95,86.0
17,1732434247.0,40,22.95,86.0
17,1732434310.0,36,22.95,86.0
17,1732434372.0,26,22.95,86.0
17,1732434434.0,27,22.95,86.0
17,1732434496.0,20,22.95,86.0
17,1732434559.0,19,22.95,86.0
17,1732434621.0,22,22.95,86.0
17,1732434683.0,21,22.95,86.0
17,1732434745.0,21,22.95,86.0
17,1732434808.0,21,22.95,86.0
17,1732434870.0,22,22.95,86.0
17,1732434932.0,28,22.95,86.0
17,1732434994.0,44,22.95,86.0
17,1732435056.0,26,22.95,86.0
17,1732435119.0,23,22.95,86.0
17,1732435181.0,25,22.95,86.0
17,1732435243.0,25,22.95,86.0
17,1732435305.0,26,22.95,86.0
17,1732435368.0,25,22.95,86.0
17,1732435430.0,27,22.95,86.0
17,1732435492.0,26,22.95,86.0
17,1732435554.0,27,22.95,86.0
17,1732435616.0,25,22.95,86.0
17,1732435679.0,21,22.95,86.0
17,1732435741.0,19,22.95,86.0
17,1732435803.0,23,22.95,86.0
17,1732435865.0,22,22.95,86.0
17,1732435928.0,20,22.95,86.0
17,1732435990.0,20,22.95,86.0
17,1732436052.0,24,22.95,86.0
17,1732436114.0,28,22.95,86.0
17,1732436177.0,22,22.95,86.0
17,1732436239.0,12,22.95,86.0
17,1732436301.0,9,22.95,86.0
17,1732436363.0,9,22.95,86.0
17,1732436425.0,10,22.95,86.0
17,1732436488.0,12,22.95,86.0
17,1732436550.0,12,22.95,86.0
17,1732436612.0,10,22.95,86.0
17,1732436674.0,12,22.95,86.0
17,1732436737.0,13,22.95,86.0
17,1732436799.0,17,22.95,86.0
17,1732436861.0,14,22.95,86.0
17,1732436923.0,15,22.95,86.0
17,1732436985.0,18,22.95,86.0
17,1732437048.0,17,22.95,86.0
17,1732437110.0,19,22.95,86.0
17,1732437172.0,17,22.95,86.0
17,1732437234.0,17,22.95,86.0
17,1732437297.0,17,22.95,86.0
17,1732437359.0,22,22.95,86.0
17,1732437421.0,19,22.95,86.0
17,1732437483.0,20,22.95,86.0
17,1732437546.0,19,22.95,86.0
17,1732437608.0,18,22.95,86.0
17,1732437670.0,23,22.95,86.0
17,1732437732.0,21,22.95,86.0
17,1732437794.0,25,22.95,86.0
17,1732437857.0,24,22.95,86.0
17,1732437919.0,22,22.95,86.0
17,1732437981.0,19,22.95,86.0
17,1732438043.0,28,22.95,86.0
17,1732438106.0,40,22.95,86.0
17,1732438168.0,30,22.95,86.0
17,1732438230.0,21,22.95,86.0
17,1732438292.0,20,22.95,86.0
17,1732438354.0,20,22.95,86.0
17,1732438417.0,17,22.95,86.0
17,1732438479.0,16,22.95,86.0
17,1732438541.0,16,22.95,86.0
17,1732438603.0,20,22.95,86.0
17,1732438666.0,21,22.95,86.0
17,1732438728.0,20,22.95,86.0
17,1732438790.0,21,22.95,86.0
17,1732438852.0,22,22.95,86.0
17,1732438915.0,23,22.95,86.0
17,1732438977.0,24,22.95,86.0
17,1732439039.0,28,22.95,86.0
17,1732439101.0,21,22.95,86.0
17,1732439163.0,23,22.95,86.0
17,1732439226.0,23,22.95,86.0
17,1732439288.0,29,22.95,86.0
17,1732439350.0,28,22.95,86.0
17,1732439412.0,31,22.95,86.0
17,1732439475.0,26,22.95,86.0
17,1732439537.0,24,22.95,86.0
17,1732439599.0,29,22.95,86.0
17,1732439661.0,25,22.95,86.0
17,1732439724.0,21,22.95,86.0
17,1732439786.0,21,22.95,86.0
17,1732439848.0,19,22.95,86.0
17,1732439910.0,20,22.95,86.0
17,1732439972.0,19,22.95,86.0
17,1732440035.0,25,22.95,86.0
17,1732440097.0,25,22.95,86.0
17,1732440159.0,22,22.95,86.0
17,1732440221.0,21,22.95,86.0
17,1732440284.0,21,22.95,86.0
17,1732440346.0,22,22.95,86.0
17,1732440408.0,24,22.95,86.0
17,1732440470.0,21,22.95,86.0
17,1732440533.0,22,22.95,86.0
17,1732440595.0,21,22.95,86.0
17,1732440657.0,25,22.95,86.0
17,1732440719.0,23,22.95,86.0
17,1732440781.0,22,22.95,86.0
17,1732440844.0,19,22.95,86.0
17,1732440906.0,21,22.95,86.0
17,1732440968.0,19,22.95,86.0
17,1732441030.0,19,22.95,86.0
17,1732441093.0,24,22.95,86.0
17,1732441155.0,25,22.95,86.0
17,1732441217.0,22,22.95,86.0
17,1732441279.0,19,22.95,86.0
17,1732441342.0,20,22.95,86.0
17,1732441404.0,20,22.95,86.0
17,1732441466.0,21,22.95,86.0
17,1732441528.0,17,22.95,86.0
17,1732441590.0,18,22.95,86.0
17,1732441653.0,17,22.95,86.0
17,1732441715.0,15,22.95,86.0
17,1732441777.0,16,22.95,86.0
17,1732441839.0,15,22.95,86.0
17,1732441902.0,14,22.95,86.0
17,1732441964.0,14,22.95,86.0
17,1732442026.0,15,22.95,86.0
17,1732442088.0,14,22.95,86.0
17,1732442150.0,14,22.95,86.0
17,1732442213.0,15,22.95,86.0
17,1732442275.0,14,22.95,86.0
17,1732442337.0,14,22.95,86.0
17,1732442399.0,15,22.95,86.0
17,1732442462.0,15,22.95,86.0
17,1732442524.0,14,22.95,86.0
17,1732442586.0,15,22.95,86.0
17,1732442648.0,15,22.95,86.0
17,1732442711.0,17,22.95,86.0
17,1732442773.0,16,22.95,86.0
17,1732442835.0,14,22.95,86.0
17,1732442897.0,16,22.95,86.0
17,1732442959.0,15,22.95,86.0
17,1732443022.0,14,22.95,86.0
17,1732443084.0,15,22.95,86.0
17,1732443146.0,14,22.95,86.0
17,1732443208.0,13,22.95,86.0
17,1732443271.0,15,22.95,86.0
17,1732443333.0,15,22.95,86.0
17,1732443395.0,15,22.95,86.0
17,1732443457.0,17,22.95,86.0
17,1732443520.0,15,22.95,86.0
17,1732443582.0,15,22.95,86.0
17,1732443644.0,16,22.95,86.0
17,1732443706.0,15,22.95,86.0
17,1732443768.0,15,22.95,86.0
17,1732443831.0,15,22.95,86.0
17,1732443893.0,15,22.95,86.0
17,1732443955.0,16,22.95,86.0
17,1732444017.0,16,22.95,86.0
17,1732444080.0,17,22.95,86.0
17,1732444142.0,17,22.95,86.0
17,1732444204.0,17,22.95,86.0
17,1732444266.0,17,22.95,86.0
17,1732444329.0,17,22.95,86.0
17,1732444391.0,17,22.95,86.0
17,1732444453.0,18,22.95,86.0
17,1732444515.0,19,22.95,86.0
17,1732444577.0,18,22.95,86.0
17,1732444640.0,18,22.95,86.0
17,1732444702.0,17,22.95,86.0
17,1732444764.0,19,22.95,86.0
17,1732444826.0,19,22.95,86.0
17,1732444889.0,31,22.95,86.0
17,1732444951.0,27,22.95,86.0
17,1732445013.0,24,22.95,86.0
17,1732445075.0,29,22.95,86.0
17,1732445138.0,22,22.95,86.0
17,1732445200.0,23,22.95,86.0
17,1732445262.0,21,22.95,86.0
17,1732445324.0,19,22.95,86.0
17,1732445386.0,19,22.95,86.0
17,1732445449.0,24,22.95,86.0
17,1732445511.0,27,22.95,86.0
17,1732445573.0,22,22.95,86.0
17,1732445635.0,19,22.95,86.0
17,1732445698.0,20,22.95,86.0
17,1732445760.0,19,22.95,86.0
17,1732445822.0,18,22.95,86.0
17,1732445884.0,18,22.95,86.0
17,1732445947.0,19,22.95,86.0
17,1732446009.0,20,22.95,86.0
17,1732446071.0,21,22.95,86.0
17,1732446133.0,23,22.95,86.0
17,1732446195.0,20,22.95,86.0
17,1732446258.0,22,22.95,86.0
17,1732446320.0,20,22.95,86.0
17,1732446382.0,17,22.95,86.0
17,1732446444.0,18,22.95,86.0
17,1732446507.0,17,22.95,86.0
17,1732446569.0,19,22.95,86.0
17,1732446631.0,18,22.95,86.0
17,1732446693.0,18,22.95,86.0
17,1732446756.0,19,22.95,86.0
17,1732446818.0,20,22.95,86.0
17,1732446880.0,18,22.95,86.0
17,1732446942.0,19,22.95,86.0
17,1732447004.0,18,22.95,86.0
17,1732447067.0,17,22.95,86.0
17,1732447129.0,19,22.95,86.0
17,1732447191.0,18,22.95,86.0
17,1732447253.0,17,22.95,86.0
17,1732447316.0,17,22.95,86.0
17,1732447378.0,17,22.95,86.0
17,1732447440.0,18,22.95,86.0
17,1732447502.0,17,22.95,86.0
17,1732447564.0,18,22.95,86.0
17,1732447627.0,18,22.95,86.0
17,1732447689.0,19,22.95,86.0
17,1732447751.0,18,22.95,86.0
17,1732447813.0,20,22.95,86.0
17,1732447876.0,19,22.95,86.0
17,1732447938.0,18,22.95,86.0
17,1732448000.0,17,22.95,86.0
17,1732448062.0,18,22.95,86.0
17,1732448125.0,18,22.95,86.0
17,1732448187.0,17,22.95,86.0
17,1732448249.0,17,22.95,86.0
17,1732448311.0,17,22.95,86.0
17,1732448374.0,16,22.95,86.0
17,1732448436.0,17,22.95,86.0
17,1732448498.0,18,22.95,86.0
17,1732448560.0,20,22.95,86.0
17,1732448622.0,18,22.95,86.0
17,1732448685.0,18,22.95,86.0
17,1732448747.0,20,22.95,86.0
17,1732448809.0,20,22.95,86.0
17,1732448871.0,19,22.95,86.0
17,1732448934.0,18,22.95,86.0
17,1732448996.0,16,22.95,86.0
17,1732449058.0,17,22.95,86.0
17,1732449120.0,18,22.95,86.0
17,1732449183.0,18,22.95,86.0
17,1732449245.0,16,22.95,86.0
17,1732449307.0,17,22.95,86.0
17,1732449369.0,17,22.95,86.0
17,1732449431.0,17,22.95,86.0
17,1732449494.0,17,22.95,86.0
17,1732449556.0,22,22.95,86.0
17,1732449618.0,18,22.95,86.0
17,1732449680.0,17,22.95,86.0
17,1732449743.0,17,22.95,86.0
17,1732449805.0,17,22.95,86.0
17,1732449867.0,18,22.95,86.0
17,1732449929.0,17,22.95,86.0
17,1732449992.0,17,22.95,86.0
17,1732450054.0,18,22.95,86.0
17,1732450116.0,19,22.95,86.0
17,1732450178.0,19,22.95,86.0
17,1732450240.0,19,22.95,86.0
17,1732450303.0,16,22.95,86.0
17,1732450365.0,15,22.95,86.0
17,1732450427.0,19,22.95,86.0
17,1732450489.0,16,22.95,86.0
17,1732450552.0,15,22.95,86.0
17,1732450614.0,15,22.95,86.0
17,1732450676.0,15,22.95,86.0
17,1732450738.0,15,22.95,86.0
17,1732450801.0,17,22.95,86.0
17,1732450863.0,17,22.95,86.0
17,1732450925.0,16,22.95,86.0
17,1732450987.0,17,22.95,86.0
17,1732451049.0,16,22.95,86.0
17,1732451112.0,15,22.95,86.0
17,1732451174.0,15,22.95,86.0
17,1732451236.0,20,22.95,86.0
17,1732451298.0,18,22.95,86.0
17,1732451361.0,20,22.95,86.0
17,1732451423.0,16,22.95,86.0
17,1732451485.0,14,22.95,86.0
17,1732451547.0,16,22.95,86.0
17,1732451610.0,17,22.95,86.0
17,1732451672.0,15,22.95,86.0
17,1732451734.0,15,22.95,86.0
17,1732451796.0,13,22.95,86.0
17,1732451859.0,14,22.95,86.0
17,1732451921.0,14,22.95,86.0
17,1732451983.0,15,22.95,86.0
17,1732452045.0,15,22.95,86.0
17,1732452107.0,16,22.95,86.0
17,1732452170.0,14,22.95,86.0
17,1732452232.0,14,22.95,86.0
17,1732452294.0,14,22.95,86.0
17,1732452356.0,15,22.95,86.0
17,1732452419.0,13,22.95,86.0
17,1732452481.0,18,22.95,86.0
17,1732452543.0,15,22.95,86.0
17,1732452605.0,14,22.95,86.0
17,1732452668.0,14,22.95,86.0
17,1732452730.0,15,22.95,86.0
17,1732452792.0,14,22.95,86.0
17,1732452854.0,14,22.95,86.0
17,1732452916.0,13,22.95,86.0
17,1732452979.0,13,22.95,86.0
17,1732453041.0,12,22.95,86.0
17,1732453103.0,12,22.95,86.0
17,1732453165.0,13,22.95,86.0
17,1732453228.0,13,22.95,86.0
17,1732453290.0,14,22.95,86.0
17,1732453352.0,13,22.95,86.0
17,1732453414.0,12,22.95,86.0
17,1732453477.0,13,22.95,86.0
17,1732453539.0,12,22.95,86.0
17,1732453601.0,12,22.95,86.0
17,1732453663.0,12,22.95,86.0
17,1732453725.0,12,22.95,86.0
17,1732453788.0,13,22.95,86.0
17,1732453850.0,14,22.95,86.0
17,1732453912.0,12,22.95,86.0
17,1732453974.0,13,22.95,86.0
17,1732454037.0,12,22.95,86.0
17,1732454099.0,12,22.95,86.0
17,1732454161.0,11,22.95,86.0
17,1732454223.0,13,22.95,86.0
17,1732454285.0,13,22.95,86.0
17,1732454348.0,12,22.95,86.0
17,1732454410.0,12,22.95,86.0
17,1732454472.0,11,22.95,86.0
17,1732454534.0,12,22.95,86.0
17,1732454597.0,12,22.95,86.0
17,1732454659.0,11,22.95,86.0
17,1732454721.0,11,22.95,86.0
17,1732454783.0,13,22.95,86.0
17,1732454846.0,11,22.95,86.0
17,1732454908.0,11,22.95,86.0
17,1732454970.0,11,22.95,86.0
17,1732455032.0,12,22.95,86.0
17,1732455094.0,11,22.95,86.0
17,1732455157.0,12,22.95,86.0
17,1732455219.0,11,22.95,86.0
17,1732455281.0,11,22.95,86.0
17,1732455343.0,12,22.95,86.0
17,1732455406.0,12,22.95,86.0
17,1732455468.0,12,22.95,86.0
17,1732455530.0,11,22.95,86.0
17,1732455592.0,10,22.95,86.0
17,1732455655.0,11,22.95,86.0
17,1732455717.0,11,22.95,86.0
17,1732455779.0,11,22.95,86.0
17,1732455841.0,10,22.95,86.0
17,1732455904.0,11,22.95,86.0
17,1732455966.0,12,22.95,86.0
17,1732456028.0,11,22.95,86.0
17,1732456090.0,12,22.95,86.0
17,1732456152.0,11,22.95,86.0
17,1732456215.0,11,22.95,86.0
17,1732456277.0,10,22.95,86.0
17,1732456339.0,11,22.95,86.0
17,1732456401.0,11,22.95,86.0
17,1732456464.0,12,22.95,86.0
17,1732456526.0,14,22.95,86.0
17,1732456588.0,12,22.95,86.0
17,1732456650.0,14,22.95,86.0
17,1732456712.0,12,22.95,86.0
17,1732456775.0,16,22.95,86.0
17,1732456837.0,15,22.95,86.0
17,1732456899.0,14,22.95,86.0
17,1732456961.0,13,22.95,86.0
17,1732457024.0,12,22.95,86.0
17,1732457086.0,12,22.95,86.0
17,1732457148.0,13,22.95,86.0
17,1732457210.0,14,22.95,86.0
17,1732457273.0,13,22.95,86.0
17,1732457335.0,11,22.95,86.0
17,1732457397.0,11,22.95,86.0
17,1732457459.0,11,22.95,86.0
17,1732457521.0,12,22.95,86.0
17,1732457584.0,11,22.95,86.0
17,1732457646.0,11,22.95,86.0
17,1732457708.0,11,22.95,86.0
17,1732457770.0,11,22.95,86.0
17,1732457833.0,14,22.95,86.0
17,1732457895.0,15,22.95,86.0
17,1732457957.0,15,22.95,86.0
17,1732458019.0,12,22.95,86.0
17,1732458082.0,13,22.95,86.0
17,1732458144.0,18,22.95,86.0
17,1732458206.0,14,22.95,86.0
17,1732458268.0,13,22.95,86.0
17,1732458331.0,12,22.95,86.0
17,1732458393.0,12,22.95,86.0
17,1732458455.0,11,22.95,86.0
17,1732458517.0,12,22.95,86.0
17,1732458579.0,12,22.95,86.0
17,1732458642.0,11,22.95,86.0
17,1732458704.0,12,22.95,86.0
17,1732458766.0,12,22.95,86.0
17,1732458828.0,11,22.95,86.0
17,1732458891.0,10,22.95,86.0
17,1732458953.0,11,22.95,86.0
17,1732459015.0,11,22.95,86.0
17,1732459077.0,12,22.95,86.0
17,1732459140.0,10,22.95,86.0
17,1732459202.0,10,22.95,86.0
17,1732459264.0,11,22.95,86.0
17,1732459326.0,11,22.95,86.0
17,1732459388.0,10,22.95,86.0
17,1732459451.0,11,22.95,86.0
17,1732459513.0,13,22.95,86.0
17,1732459575.0,12,22.95,86.0
17,1732459637.0,12,22.95,86.0
17,1732459700.0,12,22.95,86.0
17,1732459762.0,11,22.95,86.0
17,1732459824.0,10,22.95,86.0
17,1732459886.0,11,22.95,86.0
17,1732459949.0,10,22.95,86.0
17,1732460011.0,10,22.95,86.0
17,1732460073.0,10,22.95,86.0
17,1732460135.0,11,22.95,86.0
17,1732460197.0,10,22.95,86.0
17,1732460260.0,9,22.95,86.0
17,1732460322.0,9,22.95,86.0
17,1732460384.0,11,22.95,86.0
17,1732460446.0,10,22.95,86.0
17,1732460509.0,10,22.95,86.0
17,1732460571.0,11,22.95,86.0
17,1732460633.0,11,22.95,86.0
17,1732460695.0,9,22.95,86.0
17,1732460758.0,9,22.95,86.0
17,1732460820.0,11,22.95,86.0
17,1732460882.0,10,22.95,86.0
17,1732460944.0,8,22.95,86.0
17,1732461006.0,8,22.95,86.0
17,1732461069.0,8,22.95,86.0
17,1732461131.0,8,22.95,86.0
17,1732461193.0,8,22.95,86.0
17,1732461255.0,8,22.95,86.0
17,1732461318.0,8,22.95,86.0
17,1732461380.0,8,22.95,86.0
17,1732461442.0,7,22.95,86.0
17,1732461504.0,8,22.95,86.0
17,1732461566.0,9,22.95,86.0
17,1732461629.0,9,22.95,86.0
17,1732461691.0,8,22.95,86.0
17,1732461753.0,8,22.95,86.0
17,1732461815.0,8,22.95,86.0
17,1732461878.0,8,22.95,86.0
17,1732461940.0,7,22.95,86.0
17,1732462002.0,7,22.95,86.0
17,1732462064.0,7,22.95,86.0
17,1732462126.0,7,22.95,86.0
17,1732462189.0,7,22.95,86.0
17,1732462251.0,9,22.95,86.0
17,1732462313.0,8,22.95,86.0
17,1732462375.0,8,22.95,86.0
17,1732462438.0,8,22.95,86.0
17,1732462500.0,8,22.95,86.0
17,1732462562.0,8,22.95,86.0
17,1732462624.0,7,22.95,86.0
17,1732462686.0,7,22.95,86.0
17,1732462749.0,8,22.95,86.0
17,1732462811.0,8,22.95,86.0
17,1732462873.0,6,22.95,86.0
17,1732462935.0,5,22.95,86.0
17,1732462998.0,6,22.95,86.0
17,1732463060.0,6,22.95,86.0
17,1732463122.0,6,22.95,86.0
17,1732463184.0,7,22.95,86.0
17,1732463246.0,7,22.95,86.0
17,1732463309.0,7,22.95,86.0
17,1732463371.0,6,22.95,86.0
17,1732463433.0,7,22.95,86.0
17,1732463495.0,7,22.95,86.0
17,1732463558.0,7,22.95,86.0
17,1732463620.0,7,22.95,86.0
17,1732463682.0,7,22.95,86.0
17,1732463744.0,7,22.95,86.0
17,1732463807.0,7,22.95,86.0
17,1732463869.0,8,22.95,86.0
17,1732463931.0,7,22.95,86.0
17,1732463993.0,10,22.95,86.0
17,1732464055.0,11,22.95,86.0
17,1732464118.0,10,22.95,86.0
17,1732464180.0,9,22.95,86.0
17,1732464242.0,11,22.95,86.0
17,1732464304.0,10,22.95,86.0
17,1732464367.0,10,22.95,86.0
17,1732464429.0,11,22.95,86.0
17,1732464491.0,11,22.95,86.0
17,1732464553.0,9,22.95,86.0
17,1732464615.0,7,22.95,86.0
17,1732464678.0,7,22.95,86.0
17,1732464740.0,7,22.95,86.0
17,1732464802.0,8,22.95,86.0
17,1732464864.0,9,22.95,86.0
17,1732464927.0,14,22.95,86.0
17,1732464989.0,12,22.95,86.0
17,1732465051.0,12,22.95,86.0
17,1732465113.0,10,22.95,86.0
17,1732465176.0,9,22.95,86.0
17,1732465238.0,7,22.95,86.0
17,1732465300.0,7,22.95,86.0
17,1732465362.0,6,22.95,86.0
17,1732465424.0,6,22.95,86.0
17,1732465487.0,6,22.95,86.0
17,1732465549.0,7,22.95,86.0
17,1732465611.0,8,22.95,86.0
17,1732465673.0,7,22.95,86.0
17,1732465736.0,7,22.95,86.0
17,1732465798.0,7,22.95,86.0
17,1732465860.0,7,22.95,86.0
17,1732465922.0,7,22.95,86.0
17,1732465984.0,7,22.95,86.0
17,1732466047.0,8,22.95,86.0
17,1732466109.0,7,22.95,86.0
17,1732466171.0,8,22.95,86.0
17,1732466233.0,7,22.95,86.0
17,1732466296.0,7,22.95,86.0
17,1732466358.0,7,22.95,86.0
17,1732466420.0,7,22.95,86.0
17,1732466482.0,8,22.95,86.0
17,1732466544.0,6,22.95,86.0
17,1732466607.0,7,22.95,86.0
17,1732466669.0,6,22.95,86.0
17,1732466731.0,7,22.95,86.0
17,1732466793.0,8,22.95,86.0
17,1732466856.0,7,22.95,86.0
17,1732466918.0,7,22.95,86.0
17,1732466980.0,7,22.95,86.0
17,1732467042.0,6,22.95,86.0
17,1732467104.0,9,22.95,86.0
17,1732467167.0,7,22.95,86.0
17,1732467229.0,7,22.95,86.0
17,1732467291.0,10,22.95,86.0
17,1732467353.0,10,22.95,86.0
17,1732467416.0,15,22.95,86.0
17,1732467478.0,16,22.95,86.0
17,1732467540.0,13,22.95,86.0
17,1732467602.0,16,22.95,86.0
17,1732467665.0,9,22.95,86.0
17,1732467727.0,16,22.95,86.0
17,1732467789.0,27,22.95,86.0
17,1732467851.0,20,22.95,86.0
17,1732467913.0,16,22.95,86.0
17,1732467976.0,37,22.95,86.0
17,1732468038.0,20,22.95,86.0
17,1732468100.0,20,22.95,86.0
17,1732468162.0,22,22.95,86.0
17,1732468225.0,22,22.95,86.0
17,1732468287.0,18,22.95,86.0
17,1732468349.0,12,22.95,86.0
17,1732468411.0,15,22.95,86.0
17,1732468474.0,16,22.95,86.0
17,1732468536.0,17,22.95,86.0
17,1732468598.0,22,22.95,86.0
17,1732468660.0,22,22.95,86.0
17,1732468722.0,16,22.95,86.0
17,1732468785.0,16,22.95,86.0
17,1732468847.0,15,22.95,86.0
17,1732468909.0,15,22.95,86.0
17,1732468971.0,16,22.95,86.0
17,1732469034.0,16,22.95,86.0
17,1732469096.0,18,22.95,86.0
17,1732469158.0,12,22.95,86.0
17,1732469220.0,9,22.95,86.0
17,1732469283.0,9,22.95,86.0
17,1732469345.0,15,22.95,86.0
17,1732469407.0,34,22.95,86.0
17,1732469469.0,27,22.95,86.0
17,1732469531.0,14,22.95,86.0
17,1732469594.0,13,22.95,86.0
17,1732469656.0,15,22.95,86.0
17,1732469718.0,17,22.95,86.0
17,1732469780.0,16,22.95,86.0
17,1732469843.0,33,22.95,86.0
17,1732469905.0,61,22.95,86.0
17,1732469967.0,23,22.95,86.0
17,1732470029.0,23,22.95,86.0
17,1732470092.0,33,22.95,86.0
17,1732470154.0,22,22.95,86.0
17,1732470216.0,29,22.95,86.0
17,1732470278.0,58,22.95,86.0
17,1732470340.0,70,22.95,86.0
17,1732470403.0,56,22.95,86.0
17,1732470465.0,60,22.95,86.0
17,1732470527.0,102,22.95,86.0
17,1732470589.0,86,22.95,86.0
17,1732470652.0,73,22.95,86.0
17,1732470714.0,90,22.95,86.0
17,1732470776.0,82,22.95,86.0
17,1732470838.0,95,22.95,86.0
17,1732470901.0,94,22.95,86.0
17,1732470963.0,77,22.95,86.0
17,1732471025.0,66,22.95,86.0
17,1732471087.0,101,22.95,86.0
17,1732471149.0,110,22.95,86.0
17,1732471212.0,69,22.95,86.0
17,1732471274.0,66,22.95,86.0
17,1732471336.0,66,22.95,86.0
17,1732471398.0,66,22.95,86.0
17,1732471461.0,63,22.95,86.0
17,1732471523.0,56,22.95,86.0
17,1732471585.0,51,22.95,86.0
17,1732471647.0,45,22.95,86.0
17,1732471710.0,33,22.95,86.0
17,1732471772.0,30,22.95,86.0
17,1732471834.0,26,22.95,86.0
17,1732471896.0,26,22.95,86.0
17,1732471959.0,25,22.95,86.0
17,1732472021.0,23,22.95,86.0
17,1732472083.0,23,22.95,86.0
17,1732472145.0,24,22.95,86.0
17,1732472207.0,18,22.95,86.0
17,1732472270.0,20,22.95,86.0
17,1732472332.0,19,22.95,86.0
17,1732472394.0,18,22.95,86.0
17,1732472456.0,20,22.95,86.0
17,1732472519.0,19,22.95,86.0
17,1732472581.0,37,22.95,86.0
17,1732472643.0,69,22.95,86.0
17,1732472705.0,52,22.95,86.0
17,1732472768.0,48,22.95,86.0
17,1732472830.0,68,22.95,86.0
17,1732472892.0,88,22.95,86.0
17,1732472954.0,114,22.95,86.0
17,1732473016.0,141,22.95,86.0
17,1732473079.0,279,22.95,86.0
17,1732473141.0,259,22.95,86.0
17,1732473203.0,365,22.95,86.0
17,1732473265.0,209,22.95,86.0
17,1732473328.0,135,22.95,86.0
17,1732473390.0,194,22.95,86.0
17,1732473452.0,165,22.95,86.0
17,1732473514.0,139,22.95,86.0
17,1732473577.0,112,22.95,86.0
17,1732473639.0,206,22.95,86.0
17,1732473701.0,503,22.95,86.0
17,1732473763.0,426,22.95,86.0
17,1732473826.0,569,22.95,86.0
17,1732473888.0,313,22.95,86.0
17,1732473950.0,985,22.95,86.0
17,1732474012.0,428,22.95,86.0
17,1732474075.0,485,22.95,86.0
17,1732474137.0,300,22.95,86.0
17,1732474199.0,284,22.95,86.0
17,1732474261.0,263,22.95,86.0
17,1732474323.0,321,22.95,86.0
17,1732474386.0,315,22.95,86.0
17,1732474448.0,154,22.95,86.0
17,1732474510.0,159,22.95,86.0
17,1732474572.0,136,22.95,86.0
17,1732474635.0,165,22.95,86.0
17,1732474697.0,227,22.95,86.0
17,1732474759.0,228,22.95,86.0
17,1732474821.0,333,22.95,86.0
17,1732474884.0,327,22.95,86.0
17,1732474946.0,568,22.95,86.0
17,1732475008.0,396,22.95,86.0
17,1732475070.0,285,22.95,86.0
17,1732475133.0,280,22.95,86.0
17,1732475195.0,277,22.95,86.0
17,1732475257.0,310,22.95,86.0
17,1732475319.0,318,22.95,86.0
17,1732475382.0,320,22.95,86.0
17,1732475444.0,334,22.95,86.0
17,1732475506.0,294,22.95,86.0
17,1732475568.0,317,22.95,86.0
17,1732475631.0,271,22.95,86.0
17,1732475693.0,268,22.95,86.0
17,1732475755.0,229,22.95,86.0
17,1732475817.0,206,22.95,86.0
17,1732475880.0,136,22.95,86.0
17,1732475942.0,67,22.95,86.0
17,1732476004.0,100,22.95,86.0
17,1732476066.0,53,22.95,86.0
17,1732476129.0,109,22.95,86.0
17,1732476191.0,70,22.95,86.0
17,1732476253.0,71,22.95,86.0
17,1732476315.0,127,22.95,86.0
17,1732476377.0,101,22.95,86.0
17,1732476440.0,92,22.95,86.0
17,1732476502.0,57,22.95,86.0
17,1732476564.0,47,22.95,86.0
17,1732476626.0,50,22.95,86.0
17,1732476689.0,70,22.95,86.0
17,1732476751.0,109,22.95,86.0
17,1732476813.0,87,22.95,86.0
17,1732476875.0,104,22.95,86.0
17,1732476938.0,109,22.95,86.0
17,1732477000.0,96,22.95,86.0
17,1732477062.0,97,22.95,86.0
17,1732477124.0,92,22.95,86.0
17,1732477186.0,93,22.95,86.0
17,1732477249.0,88,22.95,86.0
17,1732477311.0,84,22.95,86.0
17,1732477373.0,79,22.95,86.0
17,1732477435.0,80,22.95,86.0
17,1732477498.0,81,22.95,86.0
17,1732477560.0,91,22.95,86.0
17,1732477622.0,105,22.95,86.0
17,1732477684.0,166,22.95,86.0
17,1732477747.0,109,22.95,86.0
17,1732477809.0,88,22.95,86.0
17,1732477871.0,82,22.95,86.0
17,1732477933.0,80,22.95,86.0
17,1732477995.0,73,22.95,86.0
17,1732478058.0,67,22.95,86.0
17,1732478120.0,72,22.95,86.0
17,1732478182.0,66,22.95,86.0
17,1732478244.0,59,22.95,86.0
17,1732478307.0,58,22.95,86.0
17,1732478369.0,56,22.95,86.0
17,1732478431.0,55,22.95,86.0
17,1732478493.0,54,22.95,86.0
17,1732478556.0,54,22.95,86.0
17,1732478618.0,50,22.95,86.0
17,1732478680.0,53,22.95,86.0
17,1732478742.0,60,22.95,86.0
17,1732478805.0,60,22.95,86.0
17,1732478867.0,60,22.95,86.0
17,1732478929.0,55,22.95,86.0
17,1732478991.0,68,22.95,86.0
17,1732479053.0,75,22.95,86.0
17,1732479116.0,65,22.95,86.0
17,1732479178.0,61,22.95,86.0
17,1732479240.0,61,22.95,86.0
17,1732479302.0,59,22.95,86.0
17,1732479365.0,62,22.95,86.0
17,1732479427.0,58,22.95,86.0
17,1732479489.0,50,22.95,86.0
17,1732479551.0,47,22.95,86.0
17,1732479614.0,49,22.95,86.0
17,1732479676.0,53,22.95,86.0
17,1732479738.0,51,22.95,86.0
17,1732479800.0,49,22.95,86.0
17,1732479862.0,50,22.95,86.0
17,1732479925.0,43,22.95,86.0
17,1732479987.0,45,22.95,86.0
17,1732480049.0,41,22.95,86.0
17,1732480111.0,45,22.95,86.0
17,1732480174.0,79,22.95,86.0
17,1732480236.0,138,22.95,86.0
17,1732480298.0,126,22.95,86.0
17,1732480360.0,153,22.95,86.0
17,1732480423.0,134,22.95,86.0
17,1732480485.0,110,22.95,86.0
17,1732480547.0,115,22.95,86.0
17,1732480609.0,69,22.95,86.0
17,1732480672.0,85,22.95,86.0
17,1732480734.0,94,22.95,86.0
17,1732480796.0,107,22.95,86.0
17,1732480858.0,106,22.95,86.0
17,1732480920.0,103,22.95,86.0
17,1732480983.0,95,22.95,86.0
17,1732481045.0,91,22.95,86.0
17,1732481107.0,111,22.95,86.0
17,1732481169.0,113,22.95,86.0
17,1732481232.0,95,22.95,86.0
17,1732481294.0,89,22.95,86.0
17,1732481356.0,87,22.95,86.0
17,1732481418.0,89,22.95,86.0
17,1732481481.0,88,22.95,86.0
17,1732481543.0,89,22.95,86.0
17,1732481605.0,92,22.95,86.0
17,1732481667.0,81,22.95,86.0
17,1732481729.0,80,22.95,86.0
17,1732481792.0,68,22.95,86.0
17,1732481854.0,60,22.95,86.0
17,1732481916.0,60,22.95,86.0
17,1732481978.0,45,22.95,86.0
17,1732482041.0,40,22.95,86.0
17,1732482103.0,33,22.95,86.0
17,1732482165.0,27,22.95,86.0
17,1732482227.0,30,22.95,86.0
17,1732482290.0,29,22.95,86.0
17,1732482352.0,31,22.95,86.0
17,1732482414.0,38,22.95,86.0
17,1732482476.0,32,22.95,86.0
17,1732482538.0,34,22.95,86.0
17,1732482601.0,34,22.95,86.0
17,1732482663.0,34,22.95,86.0
17,1732482725.0,33,22.95,86.0
17,1732482787.0,32,22.95,86.0
17,1732482850.0,31,22.95,86.0
17,1732482912.0,31,22.95,86.0
17,1732482974.0,31,22.95,86.0
17,1732483036.0,31,22.95,86.0
17,1732483099.0,29,22.95,86.0
17,1732483161.0,29,22.95,86.0
17,1732483223.0,27,22.95,86.0
17,1732483285.0,25,22.95,86.0
17,1732483347.0,25,22.95,86.0
17,1732483410.0,25,22.95,86.0
17,1732483472.0,25,22.95,86.0
17,1732483534.0,27,22.95,86.0
17,1732483596.0,27,22.95,86.0
17,1732483659.0,24,22.95,86.0
17,1732483721.0,24,22.95,86.0
17,1732483783.0,24,22.95,86.0
17,1732483845.0,25,22.95,86.0
17,1732483908.0,26,22.95,86.0
17,1732483970.0,26,22.95,86.0
17,1732484032.0,26,22.95,86.0
17,1732484094.0,124,22.95,86.0
17,1732484156.0,181,22.95,86.0
17,1732484219.0,149,22.95,86.0
17,1732484281.0,151,22.95,86.0
17,1732484343.0,154,22.95,86.0
17,1732484405.0,124,22.95,86.0
17,1732484468.0,101,22.95,86.0
17,1732484530.0,100,22.95,86.0
17,1732484592.0,99,22.95,86.0
17,1732484654.0,97,22.95,86.0
17,1732484717.0,85,22.95,86.0
17,1732484779.0,80,22.95,86.0
17,1732484841.0,77,22.95,86.0
17,1732484903.0,70,22.95,86.0
17,1732484966.0,67,22.95,86.0
17,1732485028.0,52,22.95,86.0
17,1732485090.0,50,22.95,86.0
17,1732485152.0,39,22.95,86.0
17,1732485214.0,38,22.95,86.0
17,1732485277.0,41,22.95,86.0
17,1732485339.0,41,22.95,86.0
17,1732485401.0,40,22.95,86.0
17,1732485463.0,45,22.95,86.0
17,1732485526.0,51,22.95,86.0
17,1732485588.0,55,22.95,86.0
17,1732485650.0,52,22.95,86.0
17,1732485712.0,66,22.95,86.0
17,1732485775.0,87,22.95,86.0
17,1732485837.0,101,22.95,86.0
17,1732485899.0,141,22.95,86.0
17,1732485961.0,148,22.95,86.0
17,1732486023.0,141,22.95,86.0
17,1732486086.0,153,22.95,86.0
17,1732486148.0,114,22.95,86.0
17,1732486210.0,141,22.95,86.0
17,1732486272.0,115,22.95,86.0
17,1732486335.0,109,22.95,86.0
17,1732486397.0,109,22.95,86.0
17,1732486459.0,103,22.95,86.0
17,1732486521.0,112,22.95,86.0
17,1732486584.0,119,22.95,86.0
17,1732486646.0,145,22.95,86.0
17,1732486708.0,112,22.95,86.0
17,1732486770.0,106,22.95,86.0
17,1732486833.0,107,22.95,86.0
17,1732486895.0,108,22.95,86.0
17,1732486957.0,83,22.95,86.0
17,1732487019.0,110,22.95,86.0
17,1732487082.0,98,22.95,86.0
17,1732487144.0,89,22.95,86.0
17,1732487206.0,93,22.95,86.0
17,1732487268.0,93,22.95,86.0
17,1732487330.0,85,22.95,86.0
17,1732487393.0,91,22.95,86.0
17,1732487455.0,92,22.95,86.0
17,1732487517.0,92,22.95,86.0
17,1732487579.0,93,22.95,86.0
17,1732487642.0,92,22.95,86.0
17,1732487704.0,93,22.95,86.0
17,1732487766.0,92,22.95,86.0
17,1732487828.0,91,22.95,86.0
17,1732487891.0,87,22.95,86.0
17,1732487953.0,87,22.95,86.0
17,1732488015.0,85,22.95,86.0
17,1732488077.0,82,22.95,86.0
17,1732488139.0,81,22.95,86.0
17,1732488202.0,79,22.95,86.0
17,1732488264.0,82,22.95,86.0
17,1732488326.0,82,22.95,86.0
17,1732488388.0,80,22.95,86.0
17,1732488451.0,71,22.95,86.0
17,1732488513.0,90,22.95,86.0
17,1732488575.0,56,22.95,86.0
17,1732488637.0,36,22.95,86.0
17,1732488700.0,31,22.95,86.0
17,1732488762.0,33,22.95,86.0
17,1732488824.0,30,22.95,86.0
17,1732488886.0,27,22.95,86.0
17,1732488948.0,23,22.95,86.0
17,1732489011.0,33,22.95,86.0
17,1732489073.0,35,22.95,86.0
17,1732489135.0,34,22.95,86.0
17,1732489197.0,34,22.95,86.0
17,1732489260.0,36,22.95,86.0
17,1732489322.0,32,22.95,86.0
17,1732489384.0,31,22.95,86.0
17,1732489446.0,30,22.95,86.0
17,1732489509.0,29,22.95,86.0
17,1732489571.0,26,22.95,86.0
17,1732489633.0,25,22.95,86.0
17,1732489695.0,17,22.95,86.0
17,1732489757.0,20,22.95,86.0
17,1732489820.0,21,22.95,86.0
17,1732489882.0,20,22.95,86.0
17,1732489944.0,19,22.95,86.0
17,1732490006.0,17,22.95,86.0
17,1732490069.0,14,22.95,86.0
17,1732490131.0,16,22.95,86.0
17,1732490193.0,18,22.95,86.0
17,1732490255.0,22,22.95,86.0
17,1732490318.0,32,22.95,86.0
17,1732490380.0,109,22.95,86.0
17,1732490442.0,149,22.95,86.0
17,1732490504.0,141,22.95,86.0
17,1732490566.0,110,22.95,86.0
17,1732490629.0,78,22.95,86.0
17,1732490691.0,72,22.95,86.0
17,1732490753.0,63,22.95,86.0
17,1732490815.0,52,22.95,86.0
17,1732490878.0,45,22.95,86.0
17,1732490940.0,44,22.95,86.0
17,1732491002.0,40,22.95,86.0
17,1732491064.0,39,22.95,86.0
17,1732491127.0,38,22.95,86.0
17,1732491189.0,37,22.95,86.0
17,1732491251.0,35,22.95,86.0
17,1732491313.0,34,22.95,86.0
17,1732491375.0,33,22.95,86.0
17,1732491438.0,32,22.95,86.0
17,1732491500.0,34,22.95,86.0
17,1732491562.0,32,22.95,86.0
17,1732491624.0,31,22.95,86.0
17,1732491687.0,31,22.95,86.0
17,1732491749.0,29,22.95,86.0
17,1732491811.0,28,22.95,86.0
17,1732491873.0,28,22.95,86.0
17,1732491936.0,27,22.95,86.0
17,1732491998.0,28,22.95,86.0
17,1732492060.0,26,22.95,86.0
17,1732492122.0,26,22.95,86.0
17,1732492184.0,24,22.95,86.0
17,1732492247.0,23,22.95,86.0
17,1732492309.0,22,22.95,86.0
17,1732492371.0,21,22.95,86.0
17,1732492433.0,21,22.95,86.0
17,1732492496.0,22,22.95,86.0
17,1732492558.0,23,22.95,86.0
17,1732523148.0,13,,
17,1732523210.0,13,,
17,1732544294.0,8,,
12,1735809355.0,13,22.46,52
12,1735809417.0,18,22.42,52
12,1735809479.0,21,22.41,52
12,1735809541.0,16,22.35,52
12,1735809604.0,15,22.37,52
12,1735809666.0,16,22.41,51
12,1735809728.0,16,22.42,51
12,1735809790.0,14,22.45,51
12,1735809852.0,19,22.49,51
12,1735809915.0,21,22.49,51
12,1735809977.0,21,22.48,51
12,1735810039.0,17,22.51,51
12,1735810101.0,24,22.54,50
12,1735810163.0,22,22.54,50
12,1735810226.0,19,22.54,50
12,1735810288.0,18,22.5,50
12,1735810350.0,17,22.51,50
12,1735810412.0,16,22.5,50
12,1735810474.0,17,22.58,50
12,1735810537.0,14,22.56,50
12,1735810599.0,13,22.63,50
12,1735810661.0,17,22.62,50
12,1735810723.0,18,22.66,50
12,1735810785.0,17,22.65,49
12,1735810848.0,18,22.6,50
12,1735810910.0,21,22.67,50
12,1735810972.0,33,22.66,49
12,1735811034.0,26,22.69,49
12,1735811096.0,21,22.75,49
12,1735811159.0,16,22.78,49
12,1735811221.0,19,22.86,49
12,1735811283.0,24,22.94,49
12,1735811345.0,26,22.95,49
12,1735811407.0,22,22.94,49
12,1735811470.0,18,22.98,48
12,1735811532.0,16,23.01,49
12,1735811594.0,20,23.02,49
12,1735811656.0,15,22.98,49
12,1735811718.0,14,22.97,49
12,1735811781.0,15,22.98,49
12,1735811843.0,15,23.0,49
12,1735811905.0,13,23.06,49
12,1735811967.0,14,23.12,49
12,1735812029.0,15,23.17,49
12,1735812092.0,15,23.11,49
12,1735812154.0,15,23.09,49
12,1735812216.0,15,23.2,48
12,1735812278.0,14,23.25,49
12,1735812340.0,13,23.33,49
12,1735812403.0,14,23.37,48
12,1735812465.0,13,23.41,48
12,1735812527.0,13,23.4,48
12,1735812589.0,12,23.44,48
12,1735812651.0,12,23.48,48
12,1735812714.0,12,23.47,48
12,1735812776.0,12,23.49,48
12,1735812838.0,12,23.51,48
12,1735812900.0,12,23.63,47
12,1735812962.0,12,23.65,47
12,1735813025.0,12,23.68,47
12,1735813087.0,12,23.71,47
12,1735813149.0,12,23.72,46
12,1735813211.0,12,23.79,46
12,1735813273.0,13,23.84,46
12,1735813336.0,13,23.86,46
12,1735813398.0,13,23.8,45
12,1735813460.0,12,23.78,44
12,1735813522.0,12,23.9,45
12,1735813584.0,13,23.9,45
12,1735813647.0,14,24.05,45
12,1735813709.0,13,24.14,45
12,1735813771.0,14,24.12,45
12,1735813833.0,12,24.13,45
12,1735813895.0,13,24.2,45
12,1735813958.0,13,24.31,45
12,1735814020.0,12,24.32,45
12,1735814082.0,13,24.35,45
12,1735814144.0,12,24.44,44
12,1735814206.0,11,24.48,44
12,1735814269.0,12,24.56,44
12,1735814331.0,14,24.56,42
12,1735814393.0,11,24.55,42
12,1735814455.0,12,24.55,43
12,1735814517.0,13,24.55,43
12,1735814580.0,13,24.6,43
12,1735814642.0,12,24.56,44
12,1735814704.0,12,24.52,43
12,1735814766.0,10,24.63,44
12,1735814828.0,11,24.69,44
12,1735814890.0,11,24.7,43
12,1735814953.0,10,24.48,43
12,1735815015.0,11,24.67,44
12,1735815077.0,11,24.81,44
12,1735815139.0,12,24.79,43
12,1735815201.0,13,24.84,43
12,1735815264.0,12,24.91,44
12,1735815326.0,11,24.97,44
12,1735815388.0,12,24.96,42
12,1735815450.0,12,25.08,43
12,1735815513.0,11,25.12,42
12,1735815575.0,11,25.09,42
12,1735815637.0,12,25.13,42
12,1735815699.0,11,25.19,42
12,1735815761.0,11,25.18,41
12,1735815824.0,17,25.25,42
12,1735815886.0,15,25.17,41
12,1735815948.0,14,25.12,41
12,1735816010.0,16,25.18,41
12,1735816072.0,24,25.25,39
12,1735816135.0,16,25.26,40
12,1735816197.0,14,25.27,41
12,1735816259.0,16,25.35,41
12,1735816321.0,16,25.39,42
12,1735816383.0,15,25.55,43
12,1735816446.0,12,25.63,41
12,1735816508.0,11,25.78,41
12,1735816570.0,11,25.79,40
12,1735816632.0,11,25.53,40
12,1735816694.0,11,25.7,38
12,1735816757.0,10,25.69,39
12,1735816819.0,10,25.85,39
12,1735816881.0,11,25.99,39
12,1735816943.0,13,25.97,38
12,1735817005.0,12,26.01,38
12,1735817068.0,11,26.07,37
12,1735817130.0,12,26.15,38
12,1735817192.0,11,25.96,38
12,1735817254.0,10,25.82,37
12,1735817316.0,9,26.01,38
12,1735817379.0,9,26.21,37
12,1735817441.0,10,26.24,38
12,1735817503.0,11,26.23,36
12,1735817565.0,13,26.17,37
12,1735817627.0,11,26.17,37
12,1735817690.0,11,26.33,38
12,1735817752.0,10,26.31,36
12,1735817814.0,15,26.33,36
12,1735817876.0,13,26.37,37
12,1735817938.0,11,26.7,37
12,1735818001.0,10,26.64,35
12,1735818063.0,13,26.71,35
12,1735818125.0,12,26.61,35
12,1735818187.0,10,26.49,35
12,1735818249.0,10,26.6,36
12,1735818312.0,14,26.74,35
12,1735818374.0,14,26.98,36
12,1735818436.0,12,26.93,35
12,1735818498.0,11,26.95,35
12,1735818560.0,9,27.14,34
12,1735818623.0,9,27.32,32
12,1735818685.0,10,27.21,33
12,1735818747.0,9,27.41,34
12,1735818809.0,10,27.18,33
12,1735818871.0,10,27.23,33
12,1735818934.0,13,27.03,34
12,1735818996.0,11,26.73,32
12,1735819058.0,10,26.79,33
12,1735819120.0,9,27.05,35
12,1735819182.0,9,27.43,33
12,1735819245.0,9,27.58,30
12,1735819307.0,9,27.58,31
12,1735819369.0,9,27.53,31
12,1735819431.0,10,27.55,31
12,1735819493.0,10,27.79,33
12,1735819556.0,10,27.54,29
12,1735819618.0,10,27.64,31
12,1735819680.0,10,27.45,31
12,1735819742.0,11,27.53,32
12,1735819804.0,11,27.47,29
12,1735819867.0,11,27.59,29
12,1735819929.0,11,27.35,29
12,1735819991.0,10,27.67,32
12,1735820053.0,9,27.87,31
12,1735820115.0,9,27.8,30
12,1735820178.0,10,27.85,29
12,1735820240.0,9,28.14,32
12,1735820302.0,9,28.13,30
12,1735820364.0,10,28.3,28
12,1735820426.0,10,28.16,28
12,1735820489.0,10,28.27,28
12,1735820551.0,11,28.0,28
12,1735820613.0,11,28.05,28
12,1735820675.0,10,27.91,27
12,1735820737.0,12,28.14,28
12,1735820800.0,12,28.21,29
12,1735820862.0,11,28.36,30
12,1735820924.0,10,28.73,29
12,1735820986.0,11,29.28,30
12,1735821048.0,10,29.65,28
12,1735821111.0,9,29.15,27
12,1735821173.0,10,29.19,29
12,1735821235.0,9,29.05,27
12,1735821297.0,9,29.37,28
12,1735821359.0,10,29.49,28
12,1735821422.0,9,29.33,27
12,1735821484.0,10,29.12,26
12,1735821546.0,9,29.41,25
12,1735821608.0,8,29.12,26
12,1735821670.0,10,28.96,26
12,1735821733.0,10,28.89,27
12,1735821795.0,9,29.2,26
12,1735821857.0,11,29.61,26
12,1735821919.0,11,30.21,29
12,1735821981.0,10,30.34,25
12,1735822044.0,10,30.75,26
12,1735822106.0,11,30.48,24
12,1735822168.0,13,30.31,24
12,1735822230.0,14,29.95,24
12,1735822293.0,15,29.91,25
12,1735822355.0,10,29.56,24
12,1735822417.0,11,29.96,27
12,1735822479.0,9,29.94,25
12,1735822541.0,9,29.48,25
12,1735822604.0,10,30.15,26
12,1735822666.0,9,30.67,25
12,1735822728.0,8,30.72,25
12,1735822790.0,9,30.37,25
12,1735822852.0,9,30.77,25
12,1735822915.0,9,30.74,25
12,1735822977.0,10,30.38,25
12,1735823039.0,11,30.35,25
12,1735823101.0,8,30.42,25
12,1735823163.0,9,29.9,25
12,1735823226.0,9,30.03,26
12,1735823288.0,8,30.4,28
12,1735823350.0,9,30.77,27
12,1735823412.0,9,30.93,27
12,1735823474.0,8,31.22,24
12,1735823537.0,8,31.58,24
12,1735823599.0,8,31.2,24
12,1735823661.0,8,31.68,26
12,1735823723.0,8,32.23,25
12,1735823785.0,8,32.51,24
12,1735823848.0,8,32.89,23
12,1735823910.0,8,33.27,24
12,1735823972.0,8,33.02,22
12,1735824034.0,8,33.38,23
12,1735824096.0,8,33.66,22
12,1735824159.0,8,33.89,23
12,1735824221.0,8,34.05,22
12,1735824283.0,8,34.15,22
12,1735824345.0,8,34.26,21
12,1735824407.0,8,34.01,22
12,1735824470.0,9,33.99,22
12,1735824532.0,8,33.43,21
12,1735824594.0,12,32.72,22
12,1735824656.0,10,32.24,23
12,1735824718.0,8,31.49,23
12,1735824781.0,9,31.77,24
12,1735824843.0,8,32.2,25
12,1735824905.0,8,32.2,22
12,1735824967.0,7,32.56,24
12,1735825029.0,7,32.73,22
12,1735825092.0,7,33.07,23
12,1735825154.0,8,32.4,22
12,1735825216.0,9,31.89,22
12,1735825278.0,9,32.01,24
12,1735825340.0,9,32.47,23
12,1735825403.0,8,32.73,24
12,1735825465.0,9,32.68,24
12,1735825527.0,9,32.59,22
12,1735825589.0,8,32.58,22
12,1735825651.0,9,32.54,23
12,1735825714.0,9,31.99,22
12,1735825776.0,7,31.46,24
12,1735825838.0,9,31.46,24
12,1735825900.0,8,30.84,24
12,1735825962.0,7,30.67,24
12,1735826025.0,7,30.71,24
12,1735826087.0,8,30.9,24
12,1735826149.0,9,31.35,25
12,1735826211.0,9,31.83,23
12,1735826273.0,8,32.32,25
12,1735826336.0,7,31.75,22
12,1735826398.0,8,32.26,24
12,1735826460.0,10,32.06,22
12,1735826522.0,9,31.64,23
12,1735826584.0,9,31.63,23
12,1735826647.0,9,31.52,23
12,1735826709.0,9,31.66,24
12,1735826771.0,8,31.86,23
12,1735826833.0,10,31.83,23
12,1735826895.0,8,31.54,23
12,1735826958.0,8,31.54,22
12,1735827020.0,7,31.33,23
12,1735827082.0,9,31.28,23
12,1735827144.0,8,31.39,22
12,1735827206.0,8,31.6,22
12,1735827269.0,8,31.72,22
12,1735827331.0,8,31.9,22
12,1735827393.0,9,31.63,22
12,1735827455.0,9,31.32,22
12,1735827517.0,8,31.46,23
12,1735827580.0,8,31.49,23
12,1735827642.0,8,31.22,23
12,1735827704.0,8,31.06,23
12,1735827766.0,8,31.1,23
12,1735827828.0,9,30.97,23
12,1735827891.0,9,31.04,23
12,1735827953.0,10,31.08,23
12,1735828015.0,9,31.45,24
12,1735828077.0,9,31.62,23
12,1735828139.0,9,31.6,22
12,1735828202.0,8,31.44,23
12,1735828264.0,9,31.32,23
12,1735828326.0,9,31.4,23
12,1735828388.0,9,31.38,24
12,1735828450.0,9,31.2,23
12,1735828513.0,8,31.19,23
12,1735828575.0,10,31.06,24
12,1735828637.0,9,30.8,24
12,1735828699.0,9,30.76,23
12,1735828761.0,10,30.92,24
12,1735828824.0,9,31.07,24
12,1735828886.0,8,30.59,24
12,1735828948.0,9,30.48,24
12,1735829010.0,8,30.79,24
12,1735829072.0,9,30.9,25
12,1735829135.0,9,31.02,24
12,1735829197.0,9,31.39,23
12,1735829259.0,8,31.96,23
12,1735829321.0,9,32.46,23
12,1735829384.0,9,32.42,23
12,1735829446.0,9,32.26,22
12,1735829508.0,8,32.45,23
12,1735829570.0,8,32.55,22
12,1735829632.0,9,32.6,23
12,1735829695.0,10,32.06,22
12,1735829757.0,9,31.73,22
12,1735829819.0,8,31.47,22
12,1735829881.0,8,32.01,24
12,1735829943.0,7,31.39,24
12,1735830006.0,8,32.07,23
12,1735830068.0,8,32.58,23
12,1735830130.0,8,32.11,23
12,1735830192.0,11,32.46,24
12,1735830254.0,9,32.52,22
12,1735830317.0,9,32.48,23
12,1735830379.0,9,32.32,23
12,1735830441.0,9,32.62,23
12,1735830503.0,10,32.24,24
12,1735830565.0,9,32.47,24
12,1735830628.0,9,32.38,25
12,1735830690.0,8,33.04,24
12,1735830752.0,8,32.78,23
12,1735830814.0,9,33.07,24
12,1735830876.0,9,32.86,23
12,1735830939.0,10,32.5,23
12,1735831001.0,9,32.35,23
12,1735831063.0,9,32.19,24
12,1735831125.0,9,32.18,24
12,1735831187.0,9,32.1,23
12,1735831250.0,9,32.14,25
12,1735831312.0,8,32.59,24
12,1735831374.0,9,33.17,24
12,1735831436.0,8,33.61,24
12,1735831498.0,8,33.75,24
12,1735831561.0,8,32.98,23
12,1735831623.0,8,32.75,23
12,1735831685.0,8,32.38,24
12,1735831747.0,9,32.04,24
12,1735831809.0,10,32.04,24
12,1735831872.0,12,31.76,25
12,1735831934.0,10,31.61,25
12,1735831996.0,10,31.81,24
12,1735832058.0,10,32.02,24
12,1735832120.0,10,31.93,24
12,1735832183.0,10,32.39,25
12,1735832245.0,10,32.69,23
12,1735832307.0,10,33.11,24
12,1735832369.0,9,33.57,23
12,1735832431.0,8,32.9,23
12,1735832494.0,9,32.78,22
12,1735832556.0,10,32.84,23
12,1735832618.0,9,32.42,23
12,1735832680.0,9,32.61,24
12,1735832742.0,9,33.13,24
12,1735832805.0,9,33.25,23
12,1735832867.0,9,33.29,23
12,1735832929.0,9,33.63,24
12,1735832991.0,9,33.81,24
12,1735833053.0,9,33.56,24
12,1735833116.0,9,33.92,23
12,1735833178.0,8,34.07,23
12,1735833240.0,8,34.26,22
12,1735833302.0,8,34.2,22
12,1735833365.0,8,34.37,22
12,1735833427.0,9,34.46,22
12,1735833489.0,8,34.19,22
12,1735833551.0,10,34.25,23
12,1735833613.0,9,34.18,22
12,1735833676.0,8,34.31,22
12,1735833738.0,8,34.39,22
12,1735833800.0,9,33.8,23
12,1735833862.0,13,33.48,22
12,1735833924.0,10,33.56,23
12,1735833987.0,10,32.78,23
12,1735834049.0,9,33.18,24
12,1735834111.0,10,33.53,24
12,1735834173.0,11,33.4,22
12,1735834235.0,11,33.3,23
12,1735834298.0,11,32.84,23
12,1735834360.0,11,33.16,23
12,1735834422.0,10,33.34,22
12,1735834484.0,9,33.29,23
12,1735834546.0,8,33.47,23
12,1735834609.0,10,33.59,23
12,1735834671.0,9,33.56,23
12,1735834733.0,10,33.78,23
12,1735834795.0,9,33.67,22
12,1735834857.0,8,33.09,23
12,1735834920.0,8,32.69,23
12,1735834982.0,11,32.27,23
12,1735835044.0,10,31.93,23
12,1735835106.0,10,31.98,24
12,1735835168.0,11,32.32,24
12,1735835231.0,9,32.0,23
12,1735835293.0,15,32.07,22
12,1735835355.0,12,31.72,23
12,1735835417.0,9,31.51,23
12,1735835479.0,9,31.79,24
12,1735835542.0,9,31.73,23
12,1735835604.0,9,31.64,23
12,1735835666.0,9,31.58,23
12,1735835728.0,10,31.38,23
12,1735835790.0,18,31.26,24
12,1735835853.0,20,31.3,24
12,1735835915.0,13,31.33,23
12,1735835977.0,29,31.44,23
12,1735836039.0,14,31.47,23
12,1735836102.0,11,31.15,23
12,1735836164.0,10,31.04,24
12,1735836226.0,24,31.07,23
12,1735836288.0,25,30.99,23
12,1735836351.0,41,30.95,23
12,1735836413.0,14,30.95,24
12,1735836475.0,24,30.6,23
12,1735836537.0,16,30.66,23
12,1735836599.0,21,30.67,24
12,1735836662.0,17,30.52,23
12,1735836724.0,12,30.64,23
12,1735836786.0,18,30.52,23
12,1735836848.0,12,30.55,23
12,1735836910.0,11,30.56,24
12,1735836973.0,11,30.78,24
12,1735837035.0,10,30.54,24
12,1735837097.0,12,30.8,24
12,1735837159.0,15,30.7,23
12,1735837221.0,12,30.78,24
12,1735837284.0,17,30.79,24
12,1735837346.0,17,30.83,25
12,1735837408.0,14,30.72,24
12,1735837470.0,21,30.62,25
12,1735837533.0,16,30.83,25
12,1735837595.0,14,31.05,25
12,1735837657.0,15,31.03,24
12,1735837719.0,14,30.71,25
12,1735837781.0,10,30.57,24
12,1735837844.0,18,30.61,24
12,1735837906.0,12,30.47,25
12,1735837968.0,11,30.53,24
12,1735838030.0,17,30.46,24
12,1735838092.0,17,30.53,26
12,1735838155.0,22,30.48,24
12,1735838217.0,22,30.39,24
12,1735838279.0,16,30.3,24
12,1735838341.0,13,30.24,24
12,1735838403.0,13,30.25,25
12,1735838466.0,14,30.06,24
12,1735838528.0,12,30.06,24
12,1735838590.0,14,30.05,24
12,1735838652.0,24,30.03,25
12,1735838714.0,26,30.01,25
12,1735838777.0,20,29.93,25
12,1735838839.0,23,29.89,25
12,1735838901.0,25,29.98,25
12,1735838963.0,22,30.03,25
12,1735839026.0,24,30.03,25
12,1735839088.0,39,29.88,25
12,1735839150.0,18,29.85,25
12,1735839212.0,19,29.76,25
12,1735839274.0,13,29.74,25
12,1735839337.0,26,29.59,25
12,1735839399.0,15,29.5,25
12,1735839461.0,15,29.5,26
12,1735839523.0,15,29.48,26
12,1735839585.0,16,29.34,25
12,1735839648.0,18,29.28,25
12,1735839710.0,25,29.33,26
12,1735839772.0,16,29.26,26
12,1735839834.0,16,29.22,26
12,1735839896.0,18,29.13,27
12,1735839959.0,22,29.12,26
12,1735840021.0,22,29.08,26
12,1735840083.0,26,29.03,26
12,1735840145.0,26,28.97,27
12,1735840208.0,26,28.94,26
12,1735840270.0,20,28.88,26
12,1735840332.0,20,28.78,27
12,1735840394.0,24,28.76,27
12,1735840456.0,24,28.75,27
12,1735840519.0,25,28.68,27
12,1735840581.0,26,28.64,28
12,1735840643.0,28,28.61,28
12,1735840705.0,30,28.49,28
12,1735840767.0,31,28.46,28
12,1735840830.0,33,28.45,28
12,1735840892.0,40,28.41,28
12,1735840954.0,38,28.4,29
12,1735841016.0,39,28.4,29
12,1735841078.0,40,28.38,29
12,1735841141.0,41,28.33,28
12,1735841203.0,36,28.27,28
12,1735841265.0,34,28.23,29
12,1735841327.0,34,28.24,29
12,1735841389.0,36,28.12,29
12,1735841452.0,39,28.09,28
12,1735841514.0,36,28.06,29
12,1735841576.0,43,27.99,29
12,1735841638.0,45,27.92,29
12,1735841701.0,53,27.85,29
12,1735841763.0,63,27.74,29
12,1735841825.0,65,27.68,30
12,1735841887.0,67,27.61,30
12,1735841949.0,62,27.5,30
12,1735842012.0,69,27.46,31
12,1735842074.0,69,27.35,31
12,1735842136.0,69,27.28,32
12,1735842198.0,65,27.21,31
12,1735842260.0,61,27.14,32
12,1735842323.0,61,27.07,32
12,1735842385.0,62,27.0,32
12,1735842447.0,68,26.99,32
12,1735842509.0,68,26.95,32
12,1735842571.0,94,26.86,32
12,1735842634.0,112,26.82,32
12,1735842696.0,98,26.81,32
12,1735842758.0,80,26.77,31
12,1735842820.0,77,26.73,32
12,1735842882.0,73,26.71,31
12,1735842945.0,66,26.7,31
12,1735843007.0,59,26.67,32
12,1735843069.0,59,26.64,31
12,1735843131.0,56,26.62,31
12,1735843194.0,54,26.57,31
12,1735843256.0,56,26.52,31
12,1735843318.0,52,26.51,32
12,1735843380.0,53,26.47,32
12,1735843442.0,54,26.46,31
12,1735843505.0,57,26.45,31
12,1735843567.0,79,26.4,32
12,1735843629.0,84,26.39,32
12,1735843691.0,87,26.37,31
12,1735843753.0,79,26.35,32
12,1735843816.0,76,26.3,32
12,1735843878.0,81,26.24,33
12,1735843940.0,86,26.23,32
12,1735844002.0,91,26.19,33
12,1735844065.0,88,26.12,33
12,1735844127.0,77,26.05,33
12,1735844189.0,78,26.03,33
12,1735844251.0,80,26.01,32
12,1735844313.0,77,25.98,32
12,1735844376.0,74,25.98,32
12,1735844438.0,73,25.93,32
12,1735844500.0,72,25.92,32
12,1735844562.0,72,25.88,32
12,1735844624.0,72,25.84,32
12,1735844687.0,70,25.8,32
12,1735844749.0,69,25.74,32
12,1735844811.0,70,25.72,33
12,1735844873.0,71,25.69,33
12,1735844935.0,69,25.66,32
12,1735844998.0,70,25.63,33
12,1735845060.0,72,25.6,33
12,1735845122.0,70,25.58,33
12,1735845184.0,72,25.55,33
12,1735845247.0,74,25.51,33
12,1735845309.0,70,25.48,34
12,1735845371.0,70,25.46,34
12,1735845433.0,70,25.35,34
12,1735845495.0,85,25.27,34
12,1735845558.0,87,25.25,35
12,1735845620.0,102,25.25,35
12,1735845682.0,104,25.22,34
12,1735845744.0,111,25.21,34
12,1735845806.0,163,25.2,35
12,1735845869.0,345,25.14,35
12,1735845931.0,332,25.08,36
12,1735845993.0,293,25.03,36
12,1735846055.0,226,25.03,35
12,1735846117.0,219,25.07,36
12,1735846180.0,230,25.1,35
12,1735846242.0,223,25.1,35
12,1735846304.0,193,25.09,35
12,1735846366.0,211,25.09,35
12,1735846429.0,201,25.08,34
12,1735846491.0,192,25.07,34
12,1735846553.0,182,25.05,34
12,1735846615.0,182,25.0,36
12,1735846677.0,222,24.98,36
12,1735846740.0,211,24.93,36
12,1735846802.0,164,24.9,36
12,1735846864.0,144,24.88,36
12,1735846926.0,140,24.86,36
12,1735846989.0,118,24.85,35
12,1735847051.0,139,24.86,35
12,1735847113.0,144,24.85,36
12,1735847175.0,130,24.84,35
12,1735847237.0,120,24.82,36
12,1735847300.0,104,24.79,36
12,1735847362.0,128,24.78,34
12,1735847424.0,127,24.78,35
12,1735847486.0,121,24.76,34
12,1735847548.0,112,24.74,35
12,1735847611.0,105,24.71,35
12,1735847673.0,103,24.7,34
12,1735847735.0,106,24.69,35
12,1735847797.0,109,24.67,35
12,1735847859.0,103,24.66,35
12,1735847922.0,88,24.63,36
12,1735847984.0,87,24.64,37
12,1735848046.0,101,24.59,36
12,1735848108.0,127,24.59,36
12,1735848171.0,120,24.57,36
12,1735848233.0,110,24.57,36
12,1735848295.0,106,24.56,36
12,1735848357.0,105,24.56,35
12,1735848419.0,108,24.54,35
12,1735848482.0,108,24.54,36
12,1735848544.0,102,24.5,34
12,1735848606.0,106,24.49,35
12,1735848668.0,95,24.47,35
12,1735848730.0,96,24.48,36
12,1735848793.0,94,24.47,35
12,1735848855.0,91,24.47,34
12,1735848917.0,79,24.47,34
12,1735848979.0,75,24.5,35
12,1735849041.0,71,24.49,35
12,1735849104.0,64,24.48,34
12,1735849166.0,64,24.5,35
12,1735849228.0,66,24.51,35
12,1735849290.0,65,24.52,35
12,1735849352.0,66,24.54,35
12,1735849415.0,61,24.55,35
12,1735849477.0,63,24.56,34
12,1735849539.0,61,24.56,34
12,1735849601.0,63,24.56,34
12,1735849663.0,63,24.59,34
12,1735849726.0,63,24.6,35
12,1735849788.0,66,24.63,35
12,1735849850.0,66,24.65,35
12,1735849912.0,65,24.67,35
12,1735849975.0,63,24.68,35
12,1735850037.0,62,24.69,36
12,1735850099.0,76,24.64,37
12,1735850161.0,70,24.71,36
12,1735850223.0,67,24.7,34
12,1735850286.0,60,24.71,34
12,1735850348.0,64,24.75,34
12,1735850410.0,54,24.77,36
12,1735850472.0,87,24.73,35
12,1735850534.0,69,24.72,35
12,1735850597.0,47,24.73,34
12,1735850659.0,48,24.77,35
12,1735850721.0,49,24.78,34
12,1735850783.0,41,24.8,35
12,1735850846.0,44,24.79,34
12,1735850908.0,40,24.79,34
12,1735850970.0,33,24.86,33
12,1735851032.0,26,24.9,33
12,1735851094.0,24,24.96,33
12,1735851157.0,24,25.0,33
12,1735851219.0,23,25.0,33
12,1735851281.0,23,25.03,33
12,1735851343.0,22,25.06,33
12,1735851405.0,24,25.06,33
12,1735851468.0,27,25.09,33
12,1735851530.0,30,25.07,33
12,1735851592.0,30,25.02,33
12,1735851654.0,27,25.02,33
12,1735851716.0,26,25.01,33
12,1735851779.0,26,24.99,33
12,1735851841.0,25,25.01,33
12,1735851903.0,26,24.98,33
12,1735851965.0,24,24.98,33
12,1735852028.0,25,25.0,34
12,1735852090.0,27,24.97,33
12,1735852152.0,29,24.95,33
12,1735852214.0,31,24.94,33
12,1735852276.0,35,24.91,33
12,1735852339.0,36,24.93,33
12,1735852401.0,37,24.91,33
12,1735852463.0,35,24.91,34
12,1735852525.0,35,24.9,33
12,1735852587.0,33,24.9,33
12,1735852650.0,38,24.87,33
12,1735852712.0,42,24.86,33
12,1735852774.0,40,24.85,33
12,1735852836.0,33,24.83,34
12,1735852898.0,32,24.83,34
12,1735852961.0,32,24.81,34
12,1735853023.0,30,24.79,34
12,1735853085.0,27,24.78,34
12,1735853147.0,27,24.81,35
12,1735853209.0,24,24.84,36
12,1735853272.0,21,24.88,36
12,1735853334.0,22,24.89,36
12,1735853396.0,23,24.89,36
12,1735853458.0,19,24.94,37
12,1735853520.0,19,24.94,36
12,1735853583.0,20,24.93,37
12,1735853645.0,20,24.93,37
12,1735853707.0,21,24.91,36
12,1735853769.0,20,24.89,36
12,1735853831.0,21,24.86,37
12,1735853894.0,20,24.83,37
12,1735853956.0,20,24.8,38
12,1735854018.0,21,24.79,38
12,1735854080.0,20,24.77,38
12,1735854142.0,21,24.74,38
12,1735854205.0,21,24.74,39
12,1735854267.0,22,24.72,39
12,1735854329.0,23,24.68,39
12,1735854391.0,25,24.68,39
12,1735854453.0,24,24.66,40
12,1735854516.0,25,24.63,40
12,1735854578.0,27,24.61,39
12,1735854640.0,23,24.6,39
12,1735854702.0,22,24.58,39
12,1735854765.0,23,24.55,39
12,1735854827.0,24,24.54,39
12,1735854889.0,25,24.52,39
12,1735854951.0,25,24.5,39
12,1735855013.0,29,24.45,39
12,1735855076.0,30,24.46,39
12,1735855138.0,31,24.41,39
12,1735855200.0,30,24.37,39
12,1735855262.0,30,24.38,39
12,1735855324.0,30,24.36,39
12,1735855387.0,38,24.36,39
12,1735855449.0,42,24.36,39
12,1735855511.0,34,24.34,39
12,1735855573.0,36,24.32,38
12,1735855635.0,40,24.33,38
12,1735855698.0,54,24.32,39
12,1735855760.0,60,24.31,38
12,1735855822.0,89,24.29,39
12,1735855884.0,86,24.29,39
12,1735855946.0,63,24.27,38
12,1735856009.0,53,24.29,38
12,1735856071.0,45,24.26,39
12,1735856133.0,50,24.23,39
12,1735856195.0,45,24.24,39
12,1735856257.0,41,24.22,38
12,1735856320.0,83,24.2,39
12,1735856382.0,97,24.19,38
12,1735856444.0,85,24.19,39
12,1735856506.0,104,24.2,38
12,1735856568.0,105,24.17,39
12,1735856631.0,157,24.17,38
12,1735856693.0,134,24.14,39
12,1735856755.0,115,24.14,38
12,1735856817.0,67,24.14,38
12,1735856880.0,107,24.14,38
12,1735856942.0,101,24.15,38
12,1735857004.0,81,24.12,38
12,1735857066.0,70,24.13,38
12,1735857128.0,68,24.11,38
12,1735857191.0,71,24.08,38
12,1735857253.0,67,24.06,39
12,1735857315.0,59,24.02,39
12,1735857377.0,57,23.98,39
12,1735857439.0,55,23.95,39
12,1735857502.0,49,23.96,39
12,1735857564.0,46,23.97,39
12,1735857626.0,44,23.93,38
12,1735857688.0,40,23.95,38
12,1735857750.0,27,23.93,39
12,1735857813.0,26,23.93,39
12,1735857875.0,29,23.95,39
12,1735857937.0,27,23.98,39
12,1735857999.0,24,24.01,40
12,1735858061.0,26,23.99,40
12,1735858124.0,25,24.01,40
12,1735858186.0,23,24.0,40
12,1735858248.0,27,24.0,41
12,1735858310.0,24,23.99,42
12,1735858373.0,20,24.01,43
12,1735858435.0,16,24.03,45
12,1735858497.0,18,24.03,45
12,1735858559.0,18,24.04,45
12,1735858621.0,16,24.01,46
12,1735858684.0,16,24.05,45
12,1735858746.0,16,24.03,46
12,1735858808.0,18,24.05,46
12,1735858870.0,14,24.02,47
12,1735858932.0,17,24.01,47
12,1735858995.0,15,24.0,47
12,1735859057.0,16,23.96,48
12,1735859119.0,15,23.93,47
12,1735859181.0,14,23.9,49
12,1735859243.0,14,23.92,49
12,1735859306.0,14,23.9,49
12,1735859368.0,14,23.9,49
12,1735859430.0,13,23.9,48
12,1735859492.0,13,23.85,49
12,1735859554.0,12,23.86,49
12,1735859617.0,12,23.83,49
12,1735859679.0,12,23.83,49
12,1735859741.0,13,23.76,49
12,1735859803.0,13,23.77,49
12,1735859865.0,12,23.75,49
12,1735859928.0,12,23.75,49
12,1735859990.0,12,23.75,49
12,1735860052.0,11,23.75,49
12,1735860114.0,12,23.71,50
12,1735860176.0,13,23.65,49
12,1735860239.0,14,23.6,49
12,1735860301.0,14,23.53,49
12,1735860363.0,14,23.55,49
12,1735860425.0,14,23.48,49
12,1735860487.0,15,23.52,48
12,1735860550.0,15,23.49,49
12,1735860612.0,16,23.45,49
12,1735860674.0,14,23.41,50
12,1735860736.0,14,23.4,50
12,1735860798.0,14,23.37,50
12,1735860861.0,14,23.37,51
12,1735860923.0,13,23.38,51
12,1735860985.0,12,23.36,51
12,1735861047.0,12,23.34,51
12,1735861109.0,11,23.36,51
12,1735861172.0,11,23.39,51
12,1735861234.0,11,23.39,52
12,1735861296.0,11,23.43,51
12,1735861358.0,10,23.45,50
12,1735861420.0,12,23.46,51
12,1735861483.0,11,23.43,51
12,1735861545.0,11,23.41,51
12,1735861607.0,12,23.41,50
12,1735861669.0,12,23.39,50
12,1735861731.0,12,23.39,50
12,1735861794.0,12,23.39,50
12,1735861856.0,12,23.34,51
12,1735861918.0,12,23.32,51
12,1735861980.0,12,23.26,51
12,1735862042.0,12,23.21,51
12,1735862105.0,12,23.25,50
12,1735862167.0,12,23.21,51
12,1735862229.0,12,23.19,51
12,1735862291.0,11,23.2,51
12,1735862353.0,12,23.16,51
12,1735862416.0,13,23.15,51
12,1735862478.0,12,23.09,51
12,1735862540.0,11,23.1,51
12,1735862602.0,12,23.09,51
12,1735862664.0,12,23.09,51
12,1735862727.0,12,23.05,52
12,1735862789.0,11,23.07,51
12,1735862851.0,12,23.07,51
12,1735862913.0,11,23.05,51
12,1735862975.0,12,23.03,51
12,1735863038.0,11,23.01,51
12,1735863100.0,11,23.01,51
12,1735863162.0,10,22.99,51
12,1735863224.0,11,22.99,51
12,1735863286.0,11,22.98,50
12,1735863349.0,11,22.95,50
12,1735863411.0,11,22.97,50
12,1735863473.0,11,22.99,50
12,1735863535.0,10,23.0,50
12,1735863597.0,10,23.0,50
12,1735863660.0,10,23.01,49
12,1735863722.0,11,23.03,49
12,1735863784.0,11,23.0,49
12,1735863846.0,11,22.95,49
12,1735863908.0,11,22.98,49
12,1735863971.0,10,22.96,49
12,1735864033.0,10,22.96,48
12,1735864095.0,11,22.96,48
12,1735864157.0,11,22.95,48
12,1735864219.0,11,22.92,48
12,1735864282.0,11,22.9,48
12,1735864344.0,11,22.89,48
12,1735864406.0,11,22.85,48
12,1735864468.0,11,22.85,48
12,1735864530.0,10,22.83,48
12,1735864593.0,10,22.82,48
12,1735864655.0,12,22.84,48
12,1735864717.0,13,22.84,47
12,1735864779.0,13,22.83,48
12,1735864841.0,12,22.8,48
12,1735864904.0,12,22.77,48
12,1735864966.0,12,22.74,47
12,1735865028.0,12,22.74,47
12,1735865090.0,12,22.73,48
12,1735865152.0,12,22.71,47
12,1735865215.0,12,22.72,47
12,1735865277.0,12,22.67,47
12,1735865339.0,12,22.58,48
12,1735865401.0,12,22.57,48
12,1735865463.0,12,22.53,48
12,1735865526.0,12,22.5,48
12,1735865588.0,12,22.49,47
12,1735865650.0,11,22.47,47
12,1735865712.0,11,22.49,47
12,1735865774.0,11,22.49,47
12,1735865836.0,11,22.48,48
12,1735865899.0,11,22.51,47
12,1735865961.0,11,22.45,48
12,1735866023.0,11,22.41,48
12,1735866085.0,12,22.41,48
12,1735866147.0,11,22.36,48
12,1735866210.0,11,22.37,48
12,1735866272.0,12,22.29,48
12,1735866334.0,11,22.26,49
12,1735866396.0,11,22.27,48
12,1735866458.0,10,22.27,49
12,1735866521.0,11,22.25,49
12,1735866583.0,11,22.26,49
12,1735866645.0,10,22.25,49
12,1735866707.0,11,22.26,48
12,1735866769.0,11,22.25,49
12,1735866832.0,10,22.22,49
12,1735866894.0,11,22.2,49
12,1735866956.0,11,22.2,49
12,1735867018.0,10,22.19,50
12,1735867080.0,11,22.17,50
12,1735867143.0,11,22.14,50
12,1735867205.0,11,22.12,50
12,1735867267.0,11,22.11,50
12,1735867329.0,11,22.05,51
12,1735867391.0,12,22.06,50
12,1735867454.0,12,22.04,50
12,1735867516.0,11,22.04,50
12,1735867578.0,13,22.01,51
12,1735867640.0,12,21.99,50
12,1735867702.0,11,21.98,50
12,1735867765.0,11,22.0,50
12,1735867827.0,11,21.97,50
12,1735867889.0,12,21.97,51
12,1735867951.0,11,21.95,51
12,1735868013.0,11,21.98,50
12,1735868076.0,12,21.91,51
12,1735868138.0,11,21.91,51
12,1735868200.0,11,21.89,51
12,1735868262.0,11,21.85,51
12,1735868324.0,11,21.84,51
12,1735868387.0,11,21.87,51
12,1735868449.0,11,21.87,52
12,1735868511.0,10,21.86,51
12,1735868573.0,10,21.85,52
12,1735868635.0,10,21.86,52
12,1735868698.0,12,21.86,51
12,1735868760.0,11,21.82,52
12,1735868822.0,12,21.78,52
12,1735868884.0,13,21.76,52
12,1735868946.0,12,21.72,52
12,1735869009.0,12,21.74,52
12,1735869071.0,12,21.72,52
12,1735869133.0,12,21.74,52
12,1735869195.0,12,21.75,52
12,1735869257.0,12,21.73,52
12,1735869320.0,13,21.7,52
12,1735869382.0,12,21.71,51
12,1735869444.0,12,21.7,52
12,1735869506.0,12,21.66,51
12,1735869568.0,12,21.7,51
12,1735869630.0,13,21.68,51
12,1735869693.0,13,21.66,51
12,1735869755.0,12,21.65,52
12,1735869817.0,12,21.62,52
12,1735869879.0,12,21.61,51
12,1735869941.0,12,21.59,51
12,1735870004.0,12,21.56,51
12,1735870066.0,12,21.55,51
12,1735870128.0,12,21.57,51
12,1735870190.0,12,21.54,51
12,1735870252.0,12,21.57,51
12,1735870315.0,11,21.52,51
12,1735870377.0,12,21.5,51
12,1735870439.0,12,21.51,51
12,1735870501.0,11,21.53,51
12,1735870564.0,12,21.49,51
12,1735870626.0,12,21.51,51
12,1735870688.0,12,21.47,51
12,1735870750.0,12,21.48,51
12,1735870812.0,12,21.47,51
12,1735870874.0,12,21.45,51
12,1735870937.0,13,21.41,51
12,1735870999.0,13,21.42,51
12,1735871061.0,12,21.4,51
12,1735871123.0,11,21.43,51
12,1735871185.0,12,21.44,51
12,1735871248.0,11,21.47,51
12,1735871310.0,11,21.53,50
12,1735871372.0,11,21.51,50
12,1735871434.0,11,21.52,50
12,1735871496.0,11,21.5,51
12,1735871559.0,11,21.52,50
12,1735871621.0,11,21.47,50
12,1735871683.0,11,21.45,50
12,1735871745.0,11,21.47,50
12,1735871807.0,12,21.42,50
12,1735871870.0,12,21.39,51
12,1735871932.0,12,21.32,50
12,1735871994.0,12,21.32,50
12,1735872056.0,12,21.29,50
12,1735872118.0,12,21.21,50
12,1735872181.0,14,21.21,50
12,1735872243.0,13,21.21,50
12,1735872305.0,12,21.13,50
12,1735872367.0,13,21.1,50
12,1735872429.0,15,21.11,50
12,1735872492.0,16,21.09,50
12,1735872554.0,17,21.1,50
12,1735872616.0,17,21.08,50
12,1735872678.0,14,21.08,50
12,1735872740.0,17,21.07,50
12,1735872803.0,19,21.05,50
12,1735872865.0,15,21.04,50
12,1735872927.0,12,21.03,51
12,1735872989.0,12,21.03,52
12,1735873051.0,13,21.02,52
12,1735873114.0,15,21.03,52
12,1735873176.0,13,21.1,51
12,1735873238.0,13,21.07,51
12,1735873300.0,13,21.09,52
12,1735873362.0,13,21.12,52
12,1735873425.0,11,21.13,51
12,1735873487.0,12,21.12,52
12,1735873549.0,12,21.16,51
12,1735873611.0,14,21.14,51
12,1735873673.0,13,21.09,51
12,1735873736.0,12,21.05,51
12,1735873798.0,13,21.01,51
12,1735873860.0,12,21.02,51
12,1735873922.0,12,20.99,51
12,1735873984.0,12,20.99,51
12,1735874047.0,11,20.98,51
12,1735874109.0,12,20.94,51
12,1735874171.0,12,20.95,51
12,1735874233.0,12,20.92,51
12,1735874295.0,12,20.9,52
12,1735874358.0,12,20.89,51
12,1735874420.0,12,20.89,51
12,1735874482.0,12,20.81,52
12,1735874544.0,13,20.76,51
12,1735874606.0,13,20.71,51
12,1735874668.0,13,20.73,51
12,1735874731.0,13,20.68,52
12,1735874793.0,13,20.68,51
12,1735874855.0,13,20.62,51
12,1735874917.0,13,20.61,51
12,1735874979.0,14,20.59,51
12,1735875042.0,14,20.59,51
12,1735875104.0,12,20.59,51
12,1735875166.0,11,20.61,51
12,1735875228.0,12,20.56,51
12,1735875290.0,12,20.59,51
12,1735875353.0,14,20.6,51
12,1735875415.0,14,20.58,50
12,1735875477.0,15,20.59,51
12,1735875539.0,15,20.5,52
12,1735875602.0,19,20.51,51
12,1735875664.0,20,20.48,51
12,1735875726.0,19,20.48,51
12,1735875788.0,18,20.49,52
12,1735875850.0,20,20.51,52
12,1735875913.0,23,20.5,52
12,1735875975.0,35,20.52,52
12,1735876037.0,17,20.62,52
12,1735876099.0,17,20.62,52
12,1735876161.0,17,20.65,52
12,1735876224.0,31,20.68,51
12,1735876286.0,23,20.66,52
12,1735876348.0,17,20.66,52
12,1735876410.0,12,20.66,52
12,1735876472.0,19,20.66,52
12,1735876535.0,25,20.67,52
12,1735876597.0,29,20.63,52
12,1735876659.0,21,20.65,52
12,1735876721.0,18,20.65,51
12,1735876783.0,14,20.64,51
12,1735876846.0,12,20.66,51
12,1735876908.0,12,20.68,51
12,1735876970.0,15,20.65,52
12,1735877032.0,23,20.63,51
12,1735877094.0,20,20.64,51
12,1735877157.0,16,20.63,51
12,1735877219.0,16,20.62,51
12,1735877281.0,12,20.61,51
12,1735877343.0,12,20.59,51
12,1735877405.0,11,20.64,51
12,1735877468.0,11,20.57,51
12,1735877530.0,13,20.52,52
12,1735877592.0,13,20.53,52
12,1735877654.0,12,20.55,52
12,1735877716.0,11,20.53,52
12,1735877779.0,12,20.55,52
12,1735877841.0,12,20.53,52
12,1735877903.0,12,20.55,51
12,1735877965.0,13,20.51,51
12,1735878027.0,13,20.47,51
12,1735878090.0,14,20.4,52
12,1735878152.0,13,20.39,52
12,1735878214.0,14,20.41,51
12,1735878276.0,13,20.38,52
12,1735878338.0,14,20.32,53
12,1735878401.0,13,20.31,53
12,1735878463.0,13,20.32,52
12,1735878525.0,12,20.25,53
12,1735878587.0,12,20.27,53
12,1735878649.0,12,20.23,53
12,1735878712.0,12,20.18,53
12,1735878774.0,12,20.17,53
12,1735878836.0,13,20.15,53
12,1735878898.0,13,20.1,52
12,1735878960.0,18,20.03,53
12,1735879023.0,18,20.02,53
12,1735879085.0,17,20.0,53
12,1735879147.0,21,19.97,53
12,1735879209.0,27,19.97,53
12,1735879271.0,26,19.95,52
12,1735879334.0,24,19.93,53
12,1735879396.0,21,19.89,53
12,1735879458.0,21,19.91,52
12,1735879520.0,19,19.91,53
12,1735879582.0,17,19.88,53
12,1735879645.0,17,19.84,53
12,1735879707.0,16,19.8,53
12,1735879769.0,19,19.74,53
12,1735879831.0,18,19.74,53
12,1735879893.0,16,19.75,53
12,1735879956.0,15,19.76,53
12,1735880018.0,16,19.72,53
12,1735880080.0,15,19.72,53
12,1735880142.0,15,19.7,53
12,1735880204.0,16,19.71,53
12,1735880267.0,15,19.66,52
12,1735880329.0,15,19.67,52
12,1735880391.0,16,19.62,53
12,1735880453.0,16,19.62,53
12,1735880515.0,15,19.63,53
12,1735880578.0,19,19.62,52
12,1735880640.0,18,19.63,53
12,1735880702.0,18,19.63,52
12,1735880764.0,15,19.64,52
12,1735880826.0,14,19.62,53
12,1735880889.0,14,19.66,52
12,1735880951.0,14,19.66,52
12,1735881013.0,13,19.64,52
12,1735881075.0,13,19.65,52
12,1735881137.0,14,19.64,52
12,1735881200.0,13,19.65,52
12,1735881262.0,14,19.64,52
12,1735881324.0,14,19.59,52
12,1735881386.0,14,19.62,52
12,1735881448.0,14,19.6,52
12,1735881511.0,13,19.62,52
12,1735881573.0,13,19.6,52
12,1735881635.0,13,19.6,52
12,1735881697.0,12,19.61,52
12,1735881759.0,12,19.62,52
12,1735881821.0,12,19.62,52
12,1735881884.0,13,19.63,52
12,1735881946.0,13,19.63,52
12,1735882008.0,13,19.65,52
12,1735882070.0,13,19.61,53
12,1735882132.0,15,19.63,53
12,1735882195.0,13,19.65,53
12,1735883203.0,18,19.34,55
12,1735898350.0,22,23.31,51
12,1735925841.0,16,28.78,25
12,1735990436.0,25,26.61,34
12,1736102218.0,130,25.66,31
12,1736179222.0,12,34.59,16
12,1736179284.0,9,34.7,16
12,1736179346.0,8,34.77,16
12,1736179408.0,8,35.09,16
12,1736179470.0,7,35.23,15
12,1736262133.0,6,35.7,17
12,1736262195.0,5,36.15,16
12,1736262257.0,5,36.51,14
12,1736262319.0,5,36.51,14
12,1736262381.0,5,36.57,14
12,1736262444.0,5,36.79,13
12,1736262506.0,6,36.7,13
12,1736262568.0,5,36.93,14
12,1736262630.0,5,36.83,14
12,1736602649.0,10,33.74,26
12,1736602712.0,9,33.71,27
12,1736757539.0,15,22.56,54
12,1737223073.0,9,29.57,21
